dataset,scene,image,rotation_matrix,translation_vector
stairs,outliers,stairs_split_1_1710453667117.png,nan;nan;nan;nan;nan;nan;nan;nan;nan,nan;nan;nan
stairs,outliers,stairs_split_1_1710453668718.png,nan;nan;nan;nan;nan;nan;nan;nan;nan,nan;nan;nan
stairs,cluster1,stairs_split_1_1710453689727.png,nan;nan;nan;nan;nan;nan;nan;nan;nan,nan;nan;nan
stairs,cluster1,stairs_split_2_1710453736752.png,nan;nan;nan;nan;nan;nan;nan;nan;nan,nan;nan;nan
stairs,cluster1,stairs_split_1_1710453663515.png,nan;nan;nan;nan;nan;nan;nan;nan;nan,nan;nan;nan
stairs,cluster1,stairs_split_2_1710453739354.png,nan;nan;nan;nan;nan;nan;nan;nan;nan,nan;nan;nan
stairs,cluster1,stairs_split_2_1710453779372.png,nan;nan;nan;nan;nan;nan;nan;nan;nan,nan;nan;nan
stairs,cluster1,stairs_split_1_1710453990286.png,nan;nan;nan;nan;nan;nan;nan;nan;nan,nan;nan;nan
stairs,cluster1,stairs_split_1_1710453601885.png,nan;nan;nan;nan;nan;nan;nan;nan;nan,nan;nan;nan
stairs,cluster1,stairs_split_2_1710453871430.png,nan;nan;nan;nan;nan;nan;nan;nan;nan,nan;nan;nan
stairs,cluster1,stairs_split_2_1710453805788.png,nan;nan;nan;nan;nan;nan;nan;nan;nan,nan;nan;nan
stairs,cluster1,stairs_split_1_1710453626698.png,nan;nan;nan;nan;nan;nan;nan;nan;nan,nan;nan;nan
stairs,cluster1,stairs_split_1_1710453901046.png,nan;nan;nan;nan;nan;nan;nan;nan;nan,nan;nan;nan
stairs,cluster1,stairs_split_1_1710453678922.png,nan;nan;nan;nan;nan;nan;nan;nan;nan,nan;nan;nan
stairs,cluster1,stairs_split_1_1710453675921.png,nan;nan;nan;nan;nan;nan;nan;nan;nan,nan;nan;nan
stairs,cluster1,stairs_split_1_1710453912451.png,nan;nan;nan;nan;nan;nan;nan;nan;nan,nan;nan;nan
stairs,cluster1,stairs_split_2_1710453756762.png,nan;nan;nan;nan;nan;nan;nan;nan;nan,nan;nan;nan
stairs,cluster1,stairs_split_2_1710453725143.png,nan;nan;nan;nan;nan;nan;nan;nan;nan,nan;nan;nan
stairs,cluster1,stairs_split_1_1710453651110.png,nan;nan;nan;nan;nan;nan;nan;nan;nan,nan;nan;nan
stairs,cluster1,stairs_split_1_1710453616892.png,nan;nan;nan;nan;nan;nan;nan;nan;nan,nan;nan;nan
stairs,cluster1,stairs_split_2_1710453798181.png,nan;nan;nan;nan;nan;nan;nan;nan;nan,nan;nan;nan
stairs,cluster1,stairs_split_1_1710453643106.png,nan;nan;nan;nan;nan;nan;nan;nan;nan,nan;nan;nan
stairs,cluster1,stairs_split_1_1710453606287.png,nan;nan;nan;nan;nan;nan;nan;nan;nan,nan;nan;nan
stairs,cluster1,stairs_split_2_1710453728949.png,nan;nan;nan;nan;nan;nan;nan;nan;nan,nan;nan;nan
stairs,cluster1,stairs_split_1_1710453930259.png,nan;nan;nan;nan;nan;nan;nan;nan;nan,nan;nan;nan
stairs,cluster1,stairs_split_1_1710453683725.png,nan;nan;nan;nan;nan;nan;nan;nan;nan,nan;nan;nan
stairs,cluster1,stairs_split_1_1710453612890.png,nan;nan;nan;nan;nan;nan;nan;nan;nan,nan;nan;nan
stairs,cluster1,stairs_split_1_1710453693529.png,nan;nan;nan;nan;nan;nan;nan;nan;nan,nan;nan;nan
stairs,cluster1,stairs_split_2_1710453801783.png,nan;nan;nan;nan;nan;nan;nan;nan;nan,nan;nan;nan
stairs,cluster1,stairs_split_1_1710453576271.png,1.0;0.0;0.0;0.0;1.0;0.0;0.0;0.0;1.0,0.0;0.0;0.0
stairs,cluster1,stairs_split_1_1710453659313.png,nan;nan;nan;nan;nan;nan;nan;nan;nan,nan;nan;nan
stairs,cluster1,stairs_split_1_1710453697531.png,nan;nan;nan;nan;nan;nan;nan;nan;nan,nan;nan;nan
stairs,cluster1,stairs_split_1_1710453985484.png,nan;nan;nan;nan;nan;nan;nan;nan;nan,nan;nan;nan
stairs,cluster1,stairs_split_2_1710453765165.png,nan;nan;nan;nan;nan;nan;nan;nan;nan,nan;nan;nan
stairs,cluster1,stairs_split_2_1710453774370.png,nan;nan;nan;nan;nan;nan;nan;nan;nan,nan;nan;nan
stairs,cluster1,stairs_split_1_1710453955270.png,-0.2854547844667699;0.9474012323050178;-0.14472895719918444;0.9578298735144041;0.27684337255530056;-0.07693945980826536;-0.03282528641779902;-0.16058845568452454;-0.9864754677499329,0.34814925884761194;0.09680210098443406;0.9324277166670122
stairs,cluster1,stairs_split_2_1710453740954.png,nan;nan;nan;nan;nan;nan;nan;nan;nan,nan;nan;nan
stairs,cluster1,stairs_split_2_1710453793579.png,nan;nan;nan;nan;nan;nan;nan;nan;nan,nan;nan;nan
stairs,cluster1,stairs_split_2_1710453786375.png,nan;nan;nan;nan;nan;nan;nan;nan;nan,nan;nan;nan
stairs,cluster1,stairs_split_2_1710453783374.png,nan;nan;nan;nan;nan;nan;nan;nan;nan,nan;nan;nan
stairs,cluster1,stairs_split_2_1710453759963.png,nan;nan;nan;nan;nan;nan;nan;nan;nan,nan;nan;nan
stairs,cluster1,stairs_split_2_1710453862225.png,nan;nan;nan;nan;nan;nan;nan;nan;nan,nan;nan;nan
stairs,cluster1,stairs_split_2_1710453753160.png,nan;nan;nan;nan;nan;nan;nan;nan;nan,nan;nan;nan
stairs,cluster1,stairs_split_2_1710453745156.png,nan;nan;nan;nan;nan;nan;nan;nan;nan,nan;nan;nan
stairs,cluster1,stairs_split_1_1710453620694.png,nan;nan;nan;nan;nan;nan;nan;nan;nan,nan;nan;nan
stairs,cluster1,stairs_split_1_1710453963274.png,nan;nan;nan;nan;nan;nan;nan;nan;nan,nan;nan;nan
stairs,cluster1,stairs_split_1_1710453947066.png,nan;nan;nan;nan;nan;nan;nan;nan;nan,nan;nan;nan
stairs,cluster1,stairs_split_2_1710453733751.png,nan;nan;nan;nan;nan;nan;nan;nan;nan,nan;nan;nan
stairs,cluster1,stairs_split_2_1710453790978.png,nan;nan;nan;nan;nan;nan;nan;nan;nan,nan;nan;nan
stairs,cluster1,stairs_split_1_1710453704934.png,nan;nan;nan;nan;nan;nan;nan;nan;nan,nan;nan;nan
stairs,cluster1,stairs_split_2_1710453720741.png,nan;nan;nan;nan;nan;nan;nan;nan;nan,nan;nan;nan
imc2023_haiper,cluster1,chairs_image_160.png,nan;nan;nan;nan;nan;nan;nan;nan;nan,nan;nan;nan
imc2023_haiper,cluster1,chairs_image_051.png,nan;nan;nan;nan;nan;nan;nan;nan;nan,nan;nan;nan
imc2023_haiper,cluster1,fountain_image_012.png,0.05557943896483773;0.4283092793199319;-0.9019213309445533;-0.5981954774352654;0.7375328294803069;0.31338075278288446;0.7994204755573557;0.5221077347513758;0.2972043347134059,1.1014869766852522;-0.4346641397597103;0.8268225891763147
imc2023_haiper,cluster1,fountain_image_041.png,-0.9228028621472695;-0.385272402242938;0.00023169541059325782;-0.0241251620589647;0.05838466781175922;0.9980026087742151;-0.3845163899867419;0.9209540741179585;-0.06317229770316657,0.2190749744847676;-1.1080234034219227;1.0139330544693512
imc2023_haiper,cluster1,chairs_image_045.png,nan;nan;nan;nan;nan;nan;nan;nan;nan,nan;nan;nan
imc2023_haiper,cluster1,fountain_image_025.png,-0.4916720485612252;0.3439657032521539;-0.7999663690742626;-0.7466228949477873;0.30624709426403096;0.5905649583192544;0.44812146724230184;0.8876374892043984;0.10623953292215593,0.9498817505795507;-0.5620926302392945;0.762555285942747
imc2023_haiper,cluster1,fountain_image_173.png,0.06299842607624229;-0.9446384577908712;0.3220083576157625;0.7848577429143532;0.2461915406792007;0.5686721803336161;-0.6164653450919229;0.2169053004435024;0.7569164874279135,0.1578788868206081;-0.411139379129154;-0.3528518372547875
imc2023_haiper,cluster1,fountain_image_082.png,1.0;0.0;0.0;0.0;1.0;0.0;0.0;0.0;1.0,0.0;0.0;0.0
imc2023_haiper,cluster1,fountain_image_214.png,0.9182811860417709;0.2610184266818527;-0.29770630543246607;-0.0917008661303296;0.8716853977585403;0.4814099276972619;0.3851631011826884;-0.4147697533175072;0.824387916711707,0.2373554224630543;-0.7581670690376855;-0.04816833626447101
imc2023_haiper,cluster1,fountain_image_071.png,0.6312718906036047;-0.5159610011263989;0.579033717023797;0.42404989862576;0.8547414353711732;0.2993305232265984;-0.6493669868489106;0.05658024369221713;0.7583674521064945,-0.6638926618386936;-0.47358402690549417;0.20786681456139475
imc2023_haiper,cluster1,chairs_image_141.png,nan;nan;nan;nan;nan;nan;nan;nan;nan,nan;nan;nan
imc2023_haiper,cluster1,chairs_image_103.png,nan;nan;nan;nan;nan;nan;nan;nan;nan,nan;nan;nan
imc2023_haiper,cluster1,fountain_image_199.png,0.8471136414993321;-0.4096457654782768;0.3385097121375659;0.20893435440076188;0.842443268644677;0.49662437985504637;-0.48861530260203473;-0.3499709787125057;0.7992342586014021,-0.3765305731589682;-0.7664320139115897;0.050012171839350736
imc2023_haiper,cluster1,chairs_image_004.png,nan;nan;nan;nan;nan;nan;nan;nan;nan,nan;nan;nan
imc2023_haiper,cluster1,bike_image_101.png,nan;nan;nan;nan;nan;nan;nan;nan;nan,nan;nan;nan
imc2023_haiper,cluster1,chairs_image_144.png,nan;nan;nan;nan;nan;nan;nan;nan;nan,nan;nan;nan
imc2023_haiper,cluster1,bike_image_115.png,nan;nan;nan;nan;nan;nan;nan;nan;nan,nan;nan;nan
imc2023_haiper,cluster1,chairs_image_122.png,nan;nan;nan;nan;nan;nan;nan;nan;nan,nan;nan;nan
imc2023_haiper,cluster1,bike_image_076.png,nan;nan;nan;nan;nan;nan;nan;nan;nan,nan;nan;nan
imc2023_haiper,cluster1,fountain_image_230.png,-0.14115451440357876;-0.5744597472030211;0.8062700551967256;0.7805711618908056;0.436353834169355;0.44755334054181806;-0.6089204088285493;0.6925253282365519;0.38681339876344545,-0.9989685661953961;-0.6933981910752182;0.3606652386204578
imc2023_haiper,cluster1,chairs_image_115.png,nan;nan;nan;nan;nan;nan;nan;nan;nan,nan;nan;nan
imc2023_haiper,cluster1,fountain_image_186.png,nan;nan;nan;nan;nan;nan;nan;nan;nan,nan;nan;nan
imc2023_haiper,cluster1,bike_image_137.png,nan;nan;nan;nan;nan;nan;nan;nan;nan,nan;nan;nan
imc2023_haiper,cluster1,chairs_image_131.png,nan;nan;nan;nan;nan;nan;nan;nan;nan,nan;nan;nan
imc2023_haiper,cluster1,bike_image_029.png,nan;nan;nan;nan;nan;nan;nan;nan;nan,nan;nan;nan
imc2023_haiper,cluster1,bike_image_150.png,nan;nan;nan;nan;nan;nan;nan;nan;nan,nan;nan;nan
imc2023_haiper,cluster1,bike_image_049.png,nan;nan;nan;nan;nan;nan;nan;nan;nan,nan;nan;nan
imc2023_haiper,cluster1,fountain_image_007.png,0.3201333775555334;0.39300558828354737;-0.8620099930701436;-0.32087299699483485;0.9010965399988115;0.29165998251683944;0.8913782252077055;0.1832256346150102;0.41457595980168427,1.0135865650902145;-0.6535417902038599;0.6670639078997568
imc2023_haiper,cluster1,fountain_image_143.png,0.20922392073295928;0.37695370083344837;-0.9022922245154812;-0.8143267055709863;0.5780136271694948;0.05265228770213681;0.5413846761656933;0.7237445365834076;0.4278977426659738,1.1920420060850625;-0.0625437571174206;0.45961873925378743
imc2023_haiper,cluster1,bike_image_094.png,nan;nan;nan;nan;nan;nan;nan;nan;nan,nan;nan;nan
imc2023_haiper,cluster1,bike_image_004.png,nan;nan;nan;nan;nan;nan;nan;nan;nan,nan;nan;nan
imc2023_haiper,cluster1,fountain_image_108.png,-0.7199120345640468;-0.17142066999678082;-0.672563466438454;-0.5299207295025833;-0.49004383699107135;0.6921279204529449;-0.448230613561038;0.8546765421637141;0.2619490892172981,1.1937465969677457;-0.6345621120762852;0.2218583403441418
imc2023_haiper,cluster1,fountain_image_166.png,nan;nan;nan;nan;nan;nan;nan;nan;nan,nan;nan;nan
imc2023_haiper,cluster1,chairs_image_020.png,nan;nan;nan;nan;nan;nan;nan;nan;nan,nan;nan;nan
imc2023_haiper,cluster1,bike_image_139.png,nan;nan;nan;nan;nan;nan;nan;nan;nan,nan;nan;nan
imc2023_haiper,cluster1,chairs_image_073.png,nan;nan;nan;nan;nan;nan;nan;nan;nan,nan;nan;nan
imc2023_haiper,cluster1,chairs_image_094.png,nan;nan;nan;nan;nan;nan;nan;nan;nan,nan;nan;nan
imc2023_haiper,cluster1,fountain_image_163.png,nan;nan;nan;nan;nan;nan;nan;nan;nan,nan;nan;nan
imc2023_haiper,cluster1,chairs_image_152.png,nan;nan;nan;nan;nan;nan;nan;nan;nan,nan;nan;nan
imc2023_haiper,cluster1,bike_image_128.png,nan;nan;nan;nan;nan;nan;nan;nan;nan,nan;nan;nan
imc2023_haiper,cluster1,chairs_image_035.png,nan;nan;nan;nan;nan;nan;nan;nan;nan,nan;nan;nan
imc2023_haiper,cluster1,fountain_image_056.png,-0.2725541319130975;-0.7976962601925053;0.5379543862187468;0.510445895759722;0.3540641634292071;0.7836348356710736;-0.8155729474909972;0.4881795209244919;0.31067913137315895,-0.4303710668566781;-0.9578598204283515;0.6922305425720402
imc2023_haiper,cluster1,bike_image_088.png,nan;nan;nan;nan;nan;nan;nan;nan;nan,nan;nan;nan
imc2023_haiper,cluster1,fountain_image_101.png,nan;nan;nan;nan;nan;nan;nan;nan;nan,nan;nan;nan
imc2023_haiper,cluster1,fountain_image_000.png,0.8209218236505554;0.34472893888609324;-0.45524643672269927;-0.3372118081120181;0.9360258811111284;0.10071616732163316;0.4608422245455269;0.0708343743150453;0.8846507420961823,0.49560263176098107;-0.17294922431866114;0.5597264226552109
imc2023_haiper,cluster1,bike_image_062.png,nan;nan;nan;nan;nan;nan;nan;nan;nan,nan;nan;nan
imc2023_haiper,cluster1,chairs_image_155.png,nan;nan;nan;nan;nan;nan;nan;nan;nan,nan;nan;nan
imc2023_haiper,cluster1,bike_image_119.png,nan;nan;nan;nan;nan;nan;nan;nan;nan,nan;nan;nan
imc2023_haiper,cluster1,fountain_image_155.png,0.3677080464524024;0.7665693066818348;-0.5264620505102802;-0.7875502689822503;0.5577517333518958;0.26206407187735736;0.4945253951013464;0.3182522615729332;0.808801663947083,0.2646025833226561;-0.2486822773582707;-0.43961216610489273
imc2023_haiper,cluster1,fountain_image_033.png,-0.9195663017223797;0.3012022733631994;-0.2523390719992956;-0.22418081057139638;0.12525683647653874;0.9664645306928968;0.32270850764765546;0.9452977919347586;-0.04765819609566613,0.24504115003362795;-1.1047400546962394;0.9659987185532556
imc2023_haiper,cluster1,bike_image_038.png,nan;nan;nan;nan;nan;nan;nan;nan;nan,nan;nan;nan
imc2023_haiper,cluster1,fountain_image_129.png,0.8037079347616594;-0.3468150358227676;0.4835006582502247;0.5077781424185567;0.8233552491060888;-0.2534708895542255;-0.31018528927579425;0.44922763127027576;0.8378422414871364,-0.5737360624601637;0.17701164885509096;0.1983865462072805
imc2023_haiper,cluster1,fountain_image_136.png,0.9578204400505175;0.024175913020982598;-0.28634861594049116;-0.20978538132243957;0.7398232919057007;-0.6392586257041907;0.19639271474479736;0.6723667317643061;0.7136896241446659,0.42895700886994403;0.8516634468002675;0.3011067218207501
imc2023_haiper,cluster1,fountain_image_116.png,-0.7732535838617898;0.2994651603463416;0.5589271086498114;0.5204623002494673;-0.20376803119040154;0.8292150405557182;0.362212491590132;0.9320939905414731;0.0017040341960068428,-0.9901633229776486;-0.8928416734217027;0.8136509531497493
imc2023_theather_imc2024_church,cluster1,kyiv_puppet_theater_img_20220127_170001.png,nan;nan;nan;nan;nan;nan;nan;nan;nan,nan;nan;nan
imc2023_theather_imc2024_church,cluster1,kyiv_puppet_theater_img_20220127_165920.png,nan;nan;nan;nan;nan;nan;nan;nan;nan,nan;nan;nan
imc2023_theather_imc2024_church,cluster1,kyiv_puppet_theater_img_20220127_165343.png,nan;nan;nan;nan;nan;nan;nan;nan;nan,nan;nan;nan
imc2023_theather_imc2024_church,cluster1,kyiv_puppet_theater_img_20220127_165449.png,nan;nan;nan;nan;nan;nan;nan;nan;nan,nan;nan;nan
imc2023_theather_imc2024_church,cluster1,kyiv_puppet_theater_img_20220127_165612.png,nan;nan;nan;nan;nan;nan;nan;nan;nan,nan;nan;nan
imc2023_theather_imc2024_church,cluster1,church_00041.png,nan;nan;nan;nan;nan;nan;nan;nan;nan,nan;nan;nan
imc2023_theather_imc2024_church,cluster1,church_00022.png,nan;nan;nan;nan;nan;nan;nan;nan;nan,nan;nan;nan
imc2023_theather_imc2024_church,cluster1,church_00082.png,nan;nan;nan;nan;nan;nan;nan;nan;nan,nan;nan;nan
imc2023_theather_imc2024_church,cluster1,church_00023.png,nan;nan;nan;nan;nan;nan;nan;nan;nan,nan;nan;nan
imc2023_theather_imc2024_church,cluster1,church_00093.png,1.0;0.0;0.0;0.0;1.0;0.0;0.0;0.0;1.0,0.0;0.0;0.0
imc2023_theather_imc2024_church,cluster1,kyiv_puppet_theater_img_20220127_170350.png,nan;nan;nan;nan;nan;nan;nan;nan;nan,nan;nan;nan
imc2023_theather_imc2024_church,cluster1,church_00080.png,nan;nan;nan;nan;nan;nan;nan;nan;nan,nan;nan;nan
imc2023_theather_imc2024_church,cluster1,church_00012.png,nan;nan;nan;nan;nan;nan;nan;nan;nan,nan;nan;nan
imc2023_theather_imc2024_church,cluster1,church_00048.png,nan;nan;nan;nan;nan;nan;nan;nan;nan,nan;nan;nan
imc2023_theather_imc2024_church,cluster1,church_00019.png,nan;nan;nan;nan;nan;nan;nan;nan;nan,nan;nan;nan
imc2023_theather_imc2024_church,cluster1,church_00045.png,nan;nan;nan;nan;nan;nan;nan;nan;nan,nan;nan;nan
imc2023_theather_imc2024_church,cluster1,kyiv_puppet_theater_img_20220127_165957.png,nan;nan;nan;nan;nan;nan;nan;nan;nan,nan;nan;nan
imc2023_theather_imc2024_church,cluster1,church_00026.png,nan;nan;nan;nan;nan;nan;nan;nan;nan,nan;nan;nan
imc2023_theather_imc2024_church,cluster1,kyiv_puppet_theater_img_20220127_170339.png,nan;nan;nan;nan;nan;nan;nan;nan;nan,nan;nan;nan
imc2023_theather_imc2024_church,cluster1,kyiv_puppet_theater_img_20220127_165700.png,nan;nan;nan;nan;nan;nan;nan;nan;nan,nan;nan;nan
imc2023_theather_imc2024_church,cluster1,church_00083.png,nan;nan;nan;nan;nan;nan;nan;nan;nan,nan;nan;nan
imc2023_theather_imc2024_church,cluster1,church_00075.png,nan;nan;nan;nan;nan;nan;nan;nan;nan,nan;nan;nan
imc2023_theather_imc2024_church,cluster1,kyiv_puppet_theater_img_20220127_170022.png,nan;nan;nan;nan;nan;nan;nan;nan;nan,nan;nan;nan
imc2023_theather_imc2024_church,cluster1,church_00046.png,nan;nan;nan;nan;nan;nan;nan;nan;nan,nan;nan;nan
imc2023_theather_imc2024_church,cluster1,church_00099.png,nan;nan;nan;nan;nan;nan;nan;nan;nan,nan;nan;nan
imc2023_theather_imc2024_church,cluster1,church_00087.png,0.9235716941704178;-0.17596541746308791;-0.34066331998650146;0.03998835002332497;0.9278322828898824;-0.37084792933190464;0.38133483658013245;0.3288820862929303;0.8639562001201295,-0.35864704691514193;-0.18719137608692293;0.9823059899300309
imc2023_theather_imc2024_church,cluster1,kyiv_puppet_theater_img_20220127_165815.png,nan;nan;nan;nan;nan;nan;nan;nan;nan,nan;nan;nan
imc2023_theather_imc2024_church,cluster1,church_00039.png,nan;nan;nan;nan;nan;nan;nan;nan;nan,nan;nan;nan
imc2023_theather_imc2024_church,cluster1,kyiv_puppet_theater_img_20220127_165703.png,nan;nan;nan;nan;nan;nan;nan;nan;nan,nan;nan;nan
imc2023_theather_imc2024_church,cluster1,church_00014.png,nan;nan;nan;nan;nan;nan;nan;nan;nan,nan;nan;nan
imc2023_theather_imc2024_church,cluster1,church_00091.png,nan;nan;nan;nan;nan;nan;nan;nan;nan,nan;nan;nan
imc2023_theather_imc2024_church,cluster1,kyiv_puppet_theater_img_20220127_170709.png,nan;nan;nan;nan;nan;nan;nan;nan;nan,nan;nan;nan
imc2023_theather_imc2024_church,cluster1,kyiv_puppet_theater_img_20220127_165641.png,nan;nan;nan;nan;nan;nan;nan;nan;nan,nan;nan;nan
imc2023_theather_imc2024_church,cluster1,kyiv_puppet_theater_img_20220127_165822.png,nan;nan;nan;nan;nan;nan;nan;nan;nan,nan;nan;nan
imc2023_theather_imc2024_church,cluster1,church_00013.png,nan;nan;nan;nan;nan;nan;nan;nan;nan,nan;nan;nan
imc2023_theather_imc2024_church,cluster1,church_00079.png,0.9632859017871689;-0.2650711355774214;-0.042632903980106746;0.26670862976126714;0.9629957617927115;0.0388029583942069;0.030769761600442546;-0.04874890617205155;0.998337000174831,0.997547026756439;-0.6525497216277496;6.549955826559433
imc2023_theather_imc2024_church,cluster1,kyiv_puppet_theater_img_20220127_165748.png,nan;nan;nan;nan;nan;nan;nan;nan;nan,nan;nan;nan
imc2023_theather_imc2024_church,cluster1,church_00104.png,nan;nan;nan;nan;nan;nan;nan;nan;nan,nan;nan;nan
imc2023_theather_imc2024_church,cluster1,church_00078.png,nan;nan;nan;nan;nan;nan;nan;nan;nan,nan;nan;nan
imc2023_theather_imc2024_church,cluster1,church_00025.png,nan;nan;nan;nan;nan;nan;nan;nan;nan,nan;nan;nan
imc2023_theather_imc2024_church,cluster1,church_00038.png,nan;nan;nan;nan;nan;nan;nan;nan;nan,nan;nan;nan
imc2023_theather_imc2024_church,cluster1,church_00006.png,nan;nan;nan;nan;nan;nan;nan;nan;nan,nan;nan;nan
imc2023_theather_imc2024_church,cluster1,church_00028.png,nan;nan;nan;nan;nan;nan;nan;nan;nan,nan;nan;nan
imc2023_theather_imc2024_church,cluster1,kyiv_puppet_theater_img_20220127_170633.png,nan;nan;nan;nan;nan;nan;nan;nan;nan,nan;nan;nan
imc2023_theather_imc2024_church,cluster1,church_00021.png,nan;nan;nan;nan;nan;nan;nan;nan;nan,nan;nan;nan
imc2023_theather_imc2024_church,cluster1,kyiv_puppet_theater_img_20220127_165811.png,nan;nan;nan;nan;nan;nan;nan;nan;nan,nan;nan;nan
imc2023_theather_imc2024_church,cluster1,church_00004.png,nan;nan;nan;nan;nan;nan;nan;nan;nan,nan;nan;nan
imc2023_theather_imc2024_church,cluster1,church_00071.png,nan;nan;nan;nan;nan;nan;nan;nan;nan,nan;nan;nan
imc2023_theather_imc2024_church,cluster1,church_00063.png,nan;nan;nan;nan;nan;nan;nan;nan;nan,nan;nan;nan
imc2023_theather_imc2024_church,cluster1,church_00040.png,nan;nan;nan;nan;nan;nan;nan;nan;nan,nan;nan;nan
imc2023_theather_imc2024_church,cluster1,church_00005.png,nan;nan;nan;nan;nan;nan;nan;nan;nan,nan;nan;nan
imc2023_theather_imc2024_church,cluster1,church_00017.png,nan;nan;nan;nan;nan;nan;nan;nan;nan,nan;nan;nan
imc2023_theather_imc2024_church,cluster1,church_00020.png,nan;nan;nan;nan;nan;nan;nan;nan;nan,nan;nan;nan
imc2023_theather_imc2024_church,cluster1,kyiv_puppet_theater_img_20220127_165608.png,nan;nan;nan;nan;nan;nan;nan;nan;nan,nan;nan;nan
imc2023_theather_imc2024_church,cluster1,kyiv_puppet_theater_img_20220127_165418.png,nan;nan;nan;nan;nan;nan;nan;nan;nan,nan;nan;nan
imc2023_theather_imc2024_church,cluster1,kyiv_puppet_theater_img_20220127_170250.png,nan;nan;nan;nan;nan;nan;nan;nan;nan,nan;nan;nan
imc2023_theather_imc2024_church,cluster1,church_00053.png,nan;nan;nan;nan;nan;nan;nan;nan;nan,nan;nan;nan
imc2023_theather_imc2024_church,cluster1,church_00047.png,nan;nan;nan;nan;nan;nan;nan;nan;nan,nan;nan;nan
imc2023_theather_imc2024_church,cluster1,church_00108.png,nan;nan;nan;nan;nan;nan;nan;nan;nan,nan;nan;nan
imc2023_theather_imc2024_church,cluster1,church_00109.png,nan;nan;nan;nan;nan;nan;nan;nan;nan,nan;nan;nan
imc2023_theather_imc2024_church,cluster1,kyiv_puppet_theater_img_20220127_165549.png,nan;nan;nan;nan;nan;nan;nan;nan;nan,nan;nan;nan
imc2023_theather_imc2024_church,cluster1,church_00111.png,nan;nan;nan;nan;nan;nan;nan;nan;nan,nan;nan;nan
imc2023_theather_imc2024_church,cluster1,church_00055.png,nan;nan;nan;nan;nan;nan;nan;nan;nan,nan;nan;nan
imc2023_theather_imc2024_church,cluster1,church_00069.png,nan;nan;nan;nan;nan;nan;nan;nan;nan,nan;nan;nan
imc2023_theather_imc2024_church,cluster1,kyiv_puppet_theater_img_20220127_165722.png,nan;nan;nan;nan;nan;nan;nan;nan;nan,nan;nan;nan
imc2023_theather_imc2024_church,cluster1,church_00035.png,nan;nan;nan;nan;nan;nan;nan;nan;nan,nan;nan;nan
imc2023_theather_imc2024_church,cluster1,kyiv_puppet_theater_img_20220127_165737.png,nan;nan;nan;nan;nan;nan;nan;nan;nan,nan;nan;nan
imc2023_theather_imc2024_church,cluster1,church_00043.png,nan;nan;nan;nan;nan;nan;nan;nan;nan,nan;nan;nan
imc2023_theather_imc2024_church,cluster1,kyiv_puppet_theater_img_20220127_165845.png,nan;nan;nan;nan;nan;nan;nan;nan;nan,nan;nan;nan
imc2023_theather_imc2024_church,cluster1,kyiv_puppet_theater_img_20220127_165709.png,nan;nan;nan;nan;nan;nan;nan;nan;nan,nan;nan;nan
imc2023_theather_imc2024_church,cluster1,church_00092.png,0.9396313698977036;-0.106393888142022;-0.32522796508016927;-0.0035438072285972413;0.9473588537668729;-0.320154093554718;0.34217003102915305;0.3019793747187701;0.8897910581198087,-0.16869196525174038;-0.14024706687608188;0.9756401903838122
imc2023_theather_imc2024_church,cluster1,church_00073.png,nan;nan;nan;nan;nan;nan;nan;nan;nan,nan;nan;nan
imc2023_theather_imc2024_church,cluster1,church_00110.png,nan;nan;nan;nan;nan;nan;nan;nan;nan,nan;nan;nan
imc2023_theather_imc2024_church,cluster1,church_00100.png,nan;nan;nan;nan;nan;nan;nan;nan;nan,nan;nan;nan
imc2023_theather_imc2024_church,cluster1,church_00018.png,nan;nan;nan;nan;nan;nan;nan;nan;nan,nan;nan;nan
imc2023_theather_imc2024_church,cluster1,church_00016.png,nan;nan;nan;nan;nan;nan;nan;nan;nan,nan;nan;nan
imc2023_heritage,outliers,outliers_dsc_4115_thumb.png,nan;nan;nan;nan;nan;nan;nan;nan;nan,nan;nan;nan
imc2023_heritage,cluster1,dioscuri_img_0444.png,nan;nan;nan;nan;nan;nan;nan;nan;nan,nan;nan;nan
imc2023_heritage,cluster1,outliers_img_3249.png,nan;nan;nan;nan;nan;nan;nan;nan;nan,nan;nan;nan
imc2023_heritage,cluster1,outliers_img_9085.png,nan;nan;nan;nan;nan;nan;nan;nan;nan,nan;nan;nan
imc2023_heritage,cluster1,dioscuri_img_0237.png,nan;nan;nan;nan;nan;nan;nan;nan;nan,nan;nan;nan
imc2023_heritage,cluster1,cyprus_dsc_6548.png,nan;nan;nan;nan;nan;nan;nan;nan;nan,nan;nan;nan
imc2023_heritage,cluster1,wall_dsc_4937_acr.png,nan;nan;nan;nan;nan;nan;nan;nan;nan,nan;nan;nan
imc2023_heritage,cluster1,dioscuri_archive_0003.png,nan;nan;nan;nan;nan;nan;nan;nan;nan,nan;nan;nan
imc2023_heritage,cluster1,dioscuri_img_0401.png,nan;nan;nan;nan;nan;nan;nan;nan;nan,nan;nan;nan
imc2023_heritage,cluster1,dioscuri_img_0213.png,nan;nan;nan;nan;nan;nan;nan;nan;nan,nan;nan;nan
imc2023_heritage,cluster1,dioscuri_archive_0026.png,nan;nan;nan;nan;nan;nan;nan;nan;nan,nan;nan;nan
imc2023_heritage,cluster1,outliers_img_8367.png,nan;nan;nan;nan;nan;nan;nan;nan;nan,nan;nan;nan
imc2023_heritage,cluster1,wall_dsc_4940_acr.png,nan;nan;nan;nan;nan;nan;nan;nan;nan,nan;nan;nan
imc2023_heritage,cluster1,cyprus_dsc_6565.png,nan;nan;nan;nan;nan;nan;nan;nan;nan,nan;nan;nan
imc2023_heritage,cluster1,wall_dsc_4973_acr.png,nan;nan;nan;nan;nan;nan;nan;nan;nan,nan;nan;nan
imc2023_heritage,cluster1,outliers_img_3233.png,nan;nan;nan;nan;nan;nan;nan;nan;nan,nan;nan;nan
imc2023_heritage,cluster1,dioscuri_archive_0071.png,nan;nan;nan;nan;nan;nan;nan;nan;nan,nan;nan;nan
imc2023_heritage,cluster1,dioscuri_img_0338.png,nan;nan;nan;nan;nan;nan;nan;nan;nan,nan;nan;nan
imc2023_heritage,cluster1,wall_dsc_4958_acr.png,nan;nan;nan;nan;nan;nan;nan;nan;nan,nan;nan;nan
imc2023_heritage,cluster1,outliers_img_8948_thumb.png,nan;nan;nan;nan;nan;nan;nan;nan;nan,nan;nan;nan
imc2023_heritage,cluster1,wall_dsc_5057_acr.png,nan;nan;nan;nan;nan;nan;nan;nan;nan,nan;nan;nan
imc2023_heritage,cluster1,outliers_img_9075.png,nan;nan;nan;nan;nan;nan;nan;nan;nan,nan;nan;nan
imc2023_heritage,cluster1,wall_dsc_5039_acr.png,nan;nan;nan;nan;nan;nan;nan;nan;nan,nan;nan;nan
imc2023_heritage,cluster1,wall_dsc_5006_acr.png,nan;nan;nan;nan;nan;nan;nan;nan;nan,nan;nan;nan
imc2023_heritage,cluster1,outliers_dsc_4473_thumb.png,nan;nan;nan;nan;nan;nan;nan;nan;nan,nan;nan;nan
imc2023_heritage,cluster1,wall_dsc_5063_acr.png,nan;nan;nan;nan;nan;nan;nan;nan;nan,nan;nan;nan
imc2023_heritage,cluster1,outliers_img_3225.png,nan;nan;nan;nan;nan;nan;nan;nan;nan,nan;nan;nan
imc2023_heritage,cluster1,dioscuri_archive_0028.png,nan;nan;nan;nan;nan;nan;nan;nan;nan,nan;nan;nan
imc2023_heritage,cluster1,wall_dsc_5009_acr.png,nan;nan;nan;nan;nan;nan;nan;nan;nan,nan;nan;nan
imc2023_heritage,cluster1,dioscuri_img_0354.png,nan;nan;nan;nan;nan;nan;nan;nan;nan,nan;nan;nan
imc2023_heritage,cluster1,outliers_img_9078_thumb.png,1.0;0.0;0.0;0.0;1.0;0.0;0.0;0.0;1.0,0.0;0.0;0.0
imc2023_heritage,cluster1,cyprus_dsc_6492.png,nan;nan;nan;nan;nan;nan;nan;nan;nan,nan;nan;nan
imc2023_heritage,cluster1,cyprus_dsc_6597.png,nan;nan;nan;nan;nan;nan;nan;nan;nan,nan;nan;nan
imc2023_heritage,cluster1,dioscuri_archive_0010.png,nan;nan;nan;nan;nan;nan;nan;nan;nan,nan;nan;nan
imc2023_heritage,cluster1,outliers_img_9068.png,nan;nan;nan;nan;nan;nan;nan;nan;nan,nan;nan;nan
imc2023_heritage,cluster1,wall_dsc_4970_acr.png,nan;nan;nan;nan;nan;nan;nan;nan;nan,nan;nan;nan
imc2023_heritage,cluster1,dioscuri_img_0227.png,nan;nan;nan;nan;nan;nan;nan;nan;nan,nan;nan;nan
imc2023_heritage,cluster1,cyprus_dsc_6585.png,nan;nan;nan;nan;nan;nan;nan;nan;nan,nan;nan;nan
imc2023_heritage,cluster1,outliers_img_3253.png,nan;nan;nan;nan;nan;nan;nan;nan;nan,nan;nan;nan
imc2023_heritage,cluster1,outliers_img_8665_thumb.png,nan;nan;nan;nan;nan;nan;nan;nan;nan,nan;nan;nan
imc2023_heritage,cluster1,wall_dsc_5003_acr.png,nan;nan;nan;nan;nan;nan;nan;nan;nan,nan;nan;nan
imc2023_heritage,cluster1,outliers_dsc_4128_thumb.png,nan;nan;nan;nan;nan;nan;nan;nan;nan,nan;nan;nan
imc2023_heritage,cluster1,wall_dsc_5021_acr.png,nan;nan;nan;nan;nan;nan;nan;nan;nan,nan;nan;nan
imc2023_heritage,cluster1,cyprus_dsc_6617.png,nan;nan;nan;nan;nan;nan;nan;nan;nan,nan;nan;nan
imc2023_heritage,cluster1,wall_dsc_5000_acr.png,nan;nan;nan;nan;nan;nan;nan;nan;nan,nan;nan;nan
imc2023_heritage,cluster1,outliers_dsc_4177_thumb.png,nan;nan;nan;nan;nan;nan;nan;nan;nan,nan;nan;nan
imc2023_heritage,cluster1,wall_dsc_4943_acr.png,nan;nan;nan;nan;nan;nan;nan;nan;nan,nan;nan;nan
imc2023_heritage,cluster1,dioscuri_img_0276.png,nan;nan;nan;nan;nan;nan;nan;nan;nan,nan;nan;nan
imc2023_heritage,cluster1,dioscuri_img_0188.png,nan;nan;nan;nan;nan;nan;nan;nan;nan,nan;nan;nan
imc2023_heritage,cluster1,dioscuri_archive_0171.png,nan;nan;nan;nan;nan;nan;nan;nan;nan,nan;nan;nan
imc2023_heritage,cluster1,dioscuri_img_0132.png,nan;nan;nan;nan;nan;nan;nan;nan;nan,nan;nan;nan
imc2023_heritage,cluster1,wall_dsc_4964_acr.png,nan;nan;nan;nan;nan;nan;nan;nan;nan,nan;nan;nan
imc2023_heritage,cluster1,dioscuri_3dom_fbk_img_1548.png,nan;nan;nan;nan;nan;nan;nan;nan;nan,nan;nan;nan
imc2023_heritage,cluster1,wall_dsc_4952_acr.png,nan;nan;nan;nan;nan;nan;nan;nan;nan,nan;nan;nan
imc2023_heritage,cluster1,dioscuri_img_0277.png,nan;nan;nan;nan;nan;nan;nan;nan;nan,nan;nan;nan
imc2023_heritage,cluster1,cyprus_dsc_6540.png,nan;nan;nan;nan;nan;nan;nan;nan;nan,nan;nan;nan
imc2023_heritage,cluster1,wall_dsc_5024_acr.png,nan;nan;nan;nan;nan;nan;nan;nan;nan,nan;nan;nan
imc2023_heritage,cluster1,dioscuri_archive_0116.png,nan;nan;nan;nan;nan;nan;nan;nan;nan,nan;nan;nan
imc2023_heritage,cluster1,outliers_img_8916.png,nan;nan;nan;nan;nan;nan;nan;nan;nan,nan;nan;nan
imc2023_heritage,cluster1,wall_dsc_5054_acr.png,nan;nan;nan;nan;nan;nan;nan;nan;nan,nan;nan;nan
imc2023_heritage,cluster1,wall_dsc_4967_acr.png,nan;nan;nan;nan;nan;nan;nan;nan;nan,nan;nan;nan
imc2023_heritage,cluster1,dioscuri_archive_0069.png,nan;nan;nan;nan;nan;nan;nan;nan;nan,nan;nan;nan
imc2023_heritage,cluster1,dioscuri_img_0246.png,nan;nan;nan;nan;nan;nan;nan;nan;nan,nan;nan;nan
imc2023_heritage,cluster1,cyprus_dsc_6629.png,nan;nan;nan;nan;nan;nan;nan;nan;nan,nan;nan;nan
imc2023_heritage,cluster1,wall_dsc_4976_acr.png,nan;nan;nan;nan;nan;nan;nan;nan;nan,nan;nan;nan
imc2023_heritage,cluster1,dioscuri_img_0359.png,nan;nan;nan;nan;nan;nan;nan;nan;nan,nan;nan;nan
imc2023_heritage,cluster1,cyprus_dsc_6524.png,nan;nan;nan;nan;nan;nan;nan;nan;nan,nan;nan;nan
imc2023_heritage,cluster1,dioscuri_archive_0022.png,nan;nan;nan;nan;nan;nan;nan;nan;nan,nan;nan;nan
imc2023_heritage,cluster1,dioscuri_img_0314.png,nan;nan;nan;nan;nan;nan;nan;nan;nan,nan;nan;nan
imc2023_heritage,cluster1,dioscuri_archive_0072.png,nan;nan;nan;nan;nan;nan;nan;nan;nan,nan;nan;nan
imc2023_heritage,cluster1,outliers_dsc_4178_thumb.png,nan;nan;nan;nan;nan;nan;nan;nan;nan,nan;nan;nan
imc2023_heritage,cluster1,cyprus_dsc_6512.png,nan;nan;nan;nan;nan;nan;nan;nan;nan,nan;nan;nan
imc2023_heritage,cluster1,outliers_dsc_4125_thumb.png,nan;nan;nan;nan;nan;nan;nan;nan;nan,nan;nan;nan
imc2023_heritage,cluster1,cyprus_dsc_6601.png,nan;nan;nan;nan;nan;nan;nan;nan;nan,nan;nan;nan
imc2023_heritage,cluster1,cyprus_dsc_6528.png,nan;nan;nan;nan;nan;nan;nan;nan;nan,nan;nan;nan
imc2023_heritage,cluster1,wall_dsc_5027_acr.png,nan;nan;nan;nan;nan;nan;nan;nan;nan,nan;nan;nan
imc2023_heritage,cluster1,cyprus_dsc_6573.png,nan;nan;nan;nan;nan;nan;nan;nan;nan,nan;nan;nan
imc2023_heritage,cluster1,dioscuri_3dom_fbk_img_1541.png,nan;nan;nan;nan;nan;nan;nan;nan;nan,nan;nan;nan
imc2023_heritage,cluster1,outliers_img_3240.png,nan;nan;nan;nan;nan;nan;nan;nan;nan,nan;nan;nan
imc2023_heritage,cluster1,wall_dsc_4991_acr.png,nan;nan;nan;nan;nan;nan;nan;nan;nan,nan;nan;nan
imc2023_heritage,cluster1,outliers_img_3251.png,nan;nan;nan;nan;nan;nan;nan;nan;nan,nan;nan;nan
imc2023_heritage,cluster1,outliers_img_9072.png,nan;nan;nan;nan;nan;nan;nan;nan;nan,nan;nan;nan
imc2023_heritage,cluster1,cyprus_dsc_6500.png,nan;nan;nan;nan;nan;nan;nan;nan;nan,nan;nan;nan
imc2023_heritage,cluster1,dioscuri_img_0376.png,nan;nan;nan;nan;nan;nan;nan;nan;nan,nan;nan;nan
imc2023_heritage,cluster1,outliers_img_9065.png,nan;nan;nan;nan;nan;nan;nan;nan;nan,nan;nan;nan
imc2023_heritage,cluster1,cyprus_dsc_6609.png,nan;nan;nan;nan;nan;nan;nan;nan;nan,nan;nan;nan
imc2023_heritage,cluster1,dioscuri_img_0092.png,nan;nan;nan;nan;nan;nan;nan;nan;nan,nan;nan;nan
imc2023_heritage,cluster1,cyprus_dsc_6605.png,nan;nan;nan;nan;nan;nan;nan;nan;nan,nan;nan;nan
imc2023_heritage,cluster1,dioscuri_img_0187.png,nan;nan;nan;nan;nan;nan;nan;nan;nan,nan;nan;nan
imc2023_heritage,cluster1,cyprus_dsc_6621.png,nan;nan;nan;nan;nan;nan;nan;nan;nan,nan;nan;nan
imc2023_heritage,cluster1,wall_dsc_5012_acr.png,nan;nan;nan;nan;nan;nan;nan;nan;nan,nan;nan;nan
imc2023_heritage,cluster1,dioscuri_3dom_fbk_img_1563.png,nan;nan;nan;nan;nan;nan;nan;nan;nan,nan;nan;nan
imc2023_heritage,cluster1,dioscuri_img_0055.png,nan;nan;nan;nan;nan;nan;nan;nan;nan,nan;nan;nan
imc2023_heritage,cluster1,dioscuri_3dom_fbk_img_1516.png,nan;nan;nan;nan;nan;nan;nan;nan;nan,nan;nan;nan
imc2023_heritage,cluster1,wall_dsc_5048_acr.png,nan;nan;nan;nan;nan;nan;nan;nan;nan,nan;nan;nan
imc2023_heritage,cluster1,outliers_img_8634.png,nan;nan;nan;nan;nan;nan;nan;nan;nan,nan;nan;nan
imc2023_heritage,cluster1,dioscuri_img_0095.png,nan;nan;nan;nan;nan;nan;nan;nan;nan,nan;nan;nan
imc2023_heritage,cluster1,dioscuri_img_0209.png,nan;nan;nan;nan;nan;nan;nan;nan;nan,nan;nan;nan
imc2023_heritage,cluster1,outliers_img_8375.png,nan;nan;nan;nan;nan;nan;nan;nan;nan,nan;nan;nan
imc2023_heritage,cluster1,wall_dsc_4979_acr.png,nan;nan;nan;nan;nan;nan;nan;nan;nan,nan;nan;nan
imc2023_heritage,cluster1,dioscuri_archive_0036.png,nan;nan;nan;nan;nan;nan;nan;nan;nan,nan;nan;nan
imc2023_heritage,cluster1,outliers_img_8849_thumb.png,nan;nan;nan;nan;nan;nan;nan;nan;nan,nan;nan;nan
imc2023_heritage,cluster1,dioscuri_archive_0034.png,nan;nan;nan;nan;nan;nan;nan;nan;nan,nan;nan;nan
imc2023_heritage,cluster1,outliers_img_3237.png,nan;nan;nan;nan;nan;nan;nan;nan;nan,nan;nan;nan
imc2023_heritage,cluster1,dioscuri_img_0418.png,nan;nan;nan;nan;nan;nan;nan;nan;nan,nan;nan;nan
imc2023_heritage,cluster1,dioscuri_archive_0092.png,nan;nan;nan;nan;nan;nan;nan;nan;nan,nan;nan;nan
imc2023_heritage,cluster1,outliers_dsc_4176_thumb.png,nan;nan;nan;nan;nan;nan;nan;nan;nan,nan;nan;nan
imc2023_heritage,cluster1,dioscuri_img_0112.png,nan;nan;nan;nan;nan;nan;nan;nan;nan,nan;nan;nan
imc2023_heritage,cluster1,dioscuri_3dom_fbk_img_1580.png,nan;nan;nan;nan;nan;nan;nan;nan;nan,nan;nan;nan
imc2023_heritage,cluster1,outliers_dsc_4129_thumb.png,nan;nan;nan;nan;nan;nan;nan;nan;nan,nan;nan;nan
imc2023_heritage,cluster1,dioscuri_archive_0015.png,nan;nan;nan;nan;nan;nan;nan;nan;nan,nan;nan;nan
imc2023_heritage,cluster1,dioscuri_img_0266.png,nan;nan;nan;nan;nan;nan;nan;nan;nan,nan;nan;nan
imc2023_heritage,cluster1,dioscuri_archive_0004.png,nan;nan;nan;nan;nan;nan;nan;nan;nan,nan;nan;nan
imc2023_heritage,cluster1,wall_dsc_5051_acr.png,nan;nan;nan;nan;nan;nan;nan;nan;nan,nan;nan;nan
imc2023_heritage,cluster1,cyprus_dsc_6520.png,nan;nan;nan;nan;nan;nan;nan;nan;nan,nan;nan;nan
imc2023_heritage,cluster1,dioscuri_archive_0068.png,nan;nan;nan;nan;nan;nan;nan;nan;nan,nan;nan;nan
imc2023_heritage,cluster1,cyprus_dsc_6633.png,nan;nan;nan;nan;nan;nan;nan;nan;nan,nan;nan;nan
imc2023_heritage,cluster1,wall_dsc_5060_acr.png,nan;nan;nan;nan;nan;nan;nan;nan;nan,nan;nan;nan
imc2023_heritage,cluster1,outliers_img_8641.png,nan;nan;nan;nan;nan;nan;nan;nan;nan,nan;nan;nan
imc2023_heritage,cluster1,dioscuri_img_0230.png,nan;nan;nan;nan;nan;nan;nan;nan;nan,nan;nan;nan
imc2023_heritage,cluster1,cyprus_dsc_6569.png,nan;nan;nan;nan;nan;nan;nan;nan;nan,nan;nan;nan
imc2023_heritage,cluster1,dioscuri_img_0081.png,nan;nan;nan;nan;nan;nan;nan;nan;nan,nan;nan;nan
imc2023_heritage,cluster1,outliers_img_8656_thumb.png,nan;nan;nan;nan;nan;nan;nan;nan;nan,nan;nan;nan
imc2023_heritage,cluster1,cyprus_dsc_6480.png,nan;nan;nan;nan;nan;nan;nan;nan;nan,nan;nan;nan
imc2023_heritage,cluster1,cyprus_dsc_6496.png,nan;nan;nan;nan;nan;nan;nan;nan;nan,nan;nan;nan
imc2023_heritage,cluster1,outliers_img_8904.png,nan;nan;nan;nan;nan;nan;nan;nan;nan,nan;nan;nan
imc2023_heritage,cluster1,dioscuri_img_0424.png,nan;nan;nan;nan;nan;nan;nan;nan;nan,nan;nan;nan
imc2023_heritage,cluster1,wall_dsc_4934_acr.png,nan;nan;nan;nan;nan;nan;nan;nan;nan,nan;nan;nan
imc2023_heritage,cluster1,dioscuri_img_0068.png,nan;nan;nan;nan;nan;nan;nan;nan;nan,nan;nan;nan
imc2023_heritage,cluster1,outliers_dsc_4167_thumb.png,nan;nan;nan;nan;nan;nan;nan;nan;nan,nan;nan;nan
imc2023_heritage,cluster1,dioscuri_img_0339.png,nan;nan;nan;nan;nan;nan;nan;nan;nan,nan;nan;nan
imc2023_heritage,cluster1,wall_dsc_5033_acr.png,nan;nan;nan;nan;nan;nan;nan;nan;nan,nan;nan;nan
imc2023_heritage,cluster1,cyprus_dsc_6589.png,nan;nan;nan;nan;nan;nan;nan;nan;nan,nan;nan;nan
imc2023_heritage,cluster1,outliers_img_8894.png,nan;nan;nan;nan;nan;nan;nan;nan;nan,nan;nan;nan
imc2023_heritage,cluster1,wall_dsc_5045_acr.png,nan;nan;nan;nan;nan;nan;nan;nan;nan,nan;nan;nan
imc2023_heritage,cluster1,dioscuri_img_0115.png,nan;nan;nan;nan;nan;nan;nan;nan;nan,nan;nan;nan
imc2023_heritage,cluster1,dioscuri_img_0348.png,nan;nan;nan;nan;nan;nan;nan;nan;nan,nan;nan;nan
imc2023_heritage,cluster1,wall_dsc_4997_acr.png,nan;nan;nan;nan;nan;nan;nan;nan;nan,nan;nan;nan
imc2023_heritage,cluster1,outliers_img_3254.png,nan;nan;nan;nan;nan;nan;nan;nan;nan,nan;nan;nan
imc2023_heritage,cluster1,cyprus_dsc_6557.png,nan;nan;nan;nan;nan;nan;nan;nan;nan,nan;nan;nan
imc2023_heritage,cluster1,cyprus_dsc_6613.png,nan;nan;nan;nan;nan;nan;nan;nan;nan,nan;nan;nan
imc2023_heritage,cluster1,dioscuri_3dom_fbk_img_1524.png,nan;nan;nan;nan;nan;nan;nan;nan;nan,nan;nan;nan
imc2023_heritage,cluster1,wall_dsc_4931_acr.png,nan;nan;nan;nan;nan;nan;nan;nan;nan,nan;nan;nan
imc2023_heritage,cluster1,wall_dsc_5030_acr.png,nan;nan;nan;nan;nan;nan;nan;nan;nan,nan;nan;nan
imc2023_heritage,cluster1,dioscuri_img_0163.png,nan;nan;nan;nan;nan;nan;nan;nan;nan,nan;nan;nan
imc2023_heritage,cluster1,cyprus_dsc_6593.png,nan;nan;nan;nan;nan;nan;nan;nan;nan,nan;nan;nan
imc2023_heritage,cluster1,dioscuri_3dom_fbk_img_1561.png,nan;nan;nan;nan;nan;nan;nan;nan;nan,nan;nan;nan
imc2023_heritage,cluster1,wall_dsc_5018_acr.png,nan;nan;nan;nan;nan;nan;nan;nan;nan,nan;nan;nan
imc2023_heritage,cluster1,outliers_img_3229.png,nan;nan;nan;nan;nan;nan;nan;nan;nan,nan;nan;nan
imc2023_heritage,cluster1,outliers_img_9070.png,nan;nan;nan;nan;nan;nan;nan;nan;nan,nan;nan;nan
imc2023_heritage,cluster1,outliers_img_8890.png,nan;nan;nan;nan;nan;nan;nan;nan;nan,nan;nan;nan
imc2023_heritage,cluster1,outliers_img_8372.png,nan;nan;nan;nan;nan;nan;nan;nan;nan,nan;nan;nan
imc2023_heritage,cluster1,wall_dsc_4994_acr.png,nan;nan;nan;nan;nan;nan;nan;nan;nan,nan;nan;nan
imc2023_heritage,cluster1,outliers_img_8632.png,nan;nan;nan;nan;nan;nan;nan;nan;nan,nan;nan;nan
imc2023_heritage,cluster1,wall_dsc_4985_acr.png,nan;nan;nan;nan;nan;nan;nan;nan;nan,nan;nan;nan
imc2023_heritage,cluster1,outliers_img_8600.png,nan;nan;nan;nan;nan;nan;nan;nan;nan,nan;nan;nan
imc2023_heritage,cluster1,outliers_img_9076.png,nan;nan;nan;nan;nan;nan;nan;nan;nan,nan;nan;nan
imc2023_heritage,cluster1,dioscuri_3dom_fbk_img_1566.png,nan;nan;nan;nan;nan;nan;nan;nan;nan,nan;nan;nan
imc2023_heritage,cluster1,cyprus_dsc_6488.png,nan;nan;nan;nan;nan;nan;nan;nan;nan,nan;nan;nan
imc2023_heritage,cluster1,outliers_dsc_4122_thumb.png,nan;nan;nan;nan;nan;nan;nan;nan;nan,nan;nan;nan
imc2023_heritage,cluster1,outliers_img_8838_thumb.png,nan;nan;nan;nan;nan;nan;nan;nan;nan,nan;nan;nan
imc2023_heritage,cluster1,outliers_img_3262.png,nan;nan;nan;nan;nan;nan;nan;nan;nan,nan;nan;nan
imc2023_heritage,cluster1,outliers_img_3250.png,nan;nan;nan;nan;nan;nan;nan;nan;nan,nan;nan;nan
imc2023_heritage,cluster1,dioscuri_img_0200.png,nan;nan;nan;nan;nan;nan;nan;nan;nan,nan;nan;nan
imc2023_heritage,cluster1,dioscuri_img_0370.png,nan;nan;nan;nan;nan;nan;nan;nan;nan,nan;nan;nan
imc2023_heritage,cluster1,wall_dsc_4982_acr.png,nan;nan;nan;nan;nan;nan;nan;nan;nan,nan;nan;nan
imc2023_heritage,cluster1,outliers_dsc_4474_thumb.png,nan;nan;nan;nan;nan;nan;nan;nan;nan,nan;nan;nan
imc2023_heritage,cluster1,dioscuri_img_0364.png,nan;nan;nan;nan;nan;nan;nan;nan;nan,nan;nan;nan
imc2023_heritage,cluster1,dioscuri_img_0283.png,nan;nan;nan;nan;nan;nan;nan;nan;nan,nan;nan;nan
imc2023_heritage,cluster1,dioscuri_archive_0095.png,nan;nan;nan;nan;nan;nan;nan;nan;nan,nan;nan;nan
imc2023_heritage,cluster1,dioscuri_archive_0033.png,nan;nan;nan;nan;nan;nan;nan;nan;nan,nan;nan;nan
imc2023_heritage,cluster1,outliers_img_9084.png,nan;nan;nan;nan;nan;nan;nan;nan;nan,nan;nan;nan
imc2023_heritage,cluster1,dioscuri_img_0238.png,nan;nan;nan;nan;nan;nan;nan;nan;nan,nan;nan;nan
imc2023_heritage,cluster1,outliers_img_8662.png,nan;nan;nan;nan;nan;nan;nan;nan;nan,nan;nan;nan
imc2023_heritage,cluster1,dioscuri_archive_0230.png,nan;nan;nan;nan;nan;nan;nan;nan;nan,nan;nan;nan
imc2023_heritage,cluster1,outliers_img_8630_thumb.png,nan;nan;nan;nan;nan;nan;nan;nan;nan,nan;nan;nan
imc2023_heritage,cluster1,outliers_img_3261.png,nan;nan;nan;nan;nan;nan;nan;nan;nan,nan;nan;nan
imc2023_heritage,cluster1,outliers_img_3255.png,nan;nan;nan;nan;nan;nan;nan;nan;nan,nan;nan;nan
imc2023_heritage,cluster1,dioscuri_img_0181.png,nan;nan;nan;nan;nan;nan;nan;nan;nan,nan;nan;nan
imc2023_heritage,cluster1,dioscuri_img_0258.png,nan;nan;nan;nan;nan;nan;nan;nan;nan,nan;nan;nan
imc2023_heritage,cluster1,outliers_img_8871.png,nan;nan;nan;nan;nan;nan;nan;nan;nan,nan;nan;nan
imc2023_heritage,cluster1,outliers_img_8648.png,nan;nan;nan;nan;nan;nan;nan;nan;nan,nan;nan;nan
imc2023_heritage,cluster1,outliers_dsc_4165_thumb.png,nan;nan;nan;nan;nan;nan;nan;nan;nan,nan;nan;nan
imc2023_heritage,cluster1,dioscuri_archive_0160.png,nan;nan;nan;nan;nan;nan;nan;nan;nan,nan;nan;nan
imc2023_heritage,cluster1,outliers_img_8368.png,nan;nan;nan;nan;nan;nan;nan;nan;nan,nan;nan;nan
imc2023_heritage,cluster1,dioscuri_archive_0070.png,nan;nan;nan;nan;nan;nan;nan;nan;nan,nan;nan;nan
imc2023_heritage,cluster1,wall_dsc_4955_acr.png,nan;nan;nan;nan;nan;nan;nan;nan;nan,nan;nan;nan
imc2023_heritage,cluster1,outliers_img_8978_thumb.png,nan;nan;nan;nan;nan;nan;nan;nan;nan,nan;nan;nan
imc2023_heritage,cluster1,dioscuri_img_0216.png,nan;nan;nan;nan;nan;nan;nan;nan;nan,nan;nan;nan
imc2023_heritage,cluster1,wall_dsc_4946_acr.png,nan;nan;nan;nan;nan;nan;nan;nan;nan,nan;nan;nan
imc2023_heritage,cluster1,dioscuri_img_0369.png,nan;nan;nan;nan;nan;nan;nan;nan;nan,nan;nan;nan
imc2023_heritage,cluster1,outliers_dsc_4120_thumb.png,nan;nan;nan;nan;nan;nan;nan;nan;nan,nan;nan;nan
imc2023_heritage,cluster1,cyprus_dsc_6577.png,nan;nan;nan;nan;nan;nan;nan;nan;nan,nan;nan;nan
imc2023_heritage,cluster1,outliers_dsc_4127_thumb.png,nan;nan;nan;nan;nan;nan;nan;nan;nan,nan;nan;nan
imc2023_heritage,cluster1,wall_dsc_5042_acr.png,nan;nan;nan;nan;nan;nan;nan;nan;nan,nan;nan;nan
imc2023_heritage,cluster1,dioscuri_img_0460.png,nan;nan;nan;nan;nan;nan;nan;nan;nan,nan;nan;nan
imc2023_heritage,cluster1,dioscuri_img_0105.png,nan;nan;nan;nan;nan;nan;nan;nan;nan,nan;nan;nan
imc2023_heritage,cluster1,cyprus_dsc_6508.png,nan;nan;nan;nan;nan;nan;nan;nan;nan,nan;nan;nan
imc2023_heritage,cluster1,wall_dsc_5015_acr.png,nan;nan;nan;nan;nan;nan;nan;nan;nan,nan;nan;nan
imc2023_heritage,cluster1,outliers_img_8599.png,nan;nan;nan;nan;nan;nan;nan;nan;nan,nan;nan;nan
imc2023_heritage,cluster1,outliers_img_3222.png,nan;nan;nan;nan;nan;nan;nan;nan;nan,nan;nan;nan
imc2023_heritage,cluster1,outliers_img_9078.png,0.999999869376078;-1.1715086174830542e-05;0.0005109898078126812;1.2238854794353708e-05;0.9999994745951702;-0.0010250168751326089;-0.0005109775311751275;0.0010250229951709044;0.999999344114696,-0.04012060056187527;0.0945960654198169;0.9947069527341429
imc2023_heritage,cluster1,cyprus_dsc_6625.png,nan;nan;nan;nan;nan;nan;nan;nan;nan,nan;nan;nan
imc2023_heritage,cluster1,dioscuri_img_0079.png,nan;nan;nan;nan;nan;nan;nan;nan;nan,nan;nan;nan
imc2023_heritage,cluster1,wall_dsc_4961_acr.png,nan;nan;nan;nan;nan;nan;nan;nan;nan,nan;nan;nan
imc2023_heritage,cluster1,dioscuri_img_0161.png,nan;nan;nan;nan;nan;nan;nan;nan;nan,nan;nan;nan
imc2023_heritage,cluster1,wall_dsc_4928_acr.png,nan;nan;nan;nan;nan;nan;nan;nan;nan,nan;nan;nan
imc2023_heritage,cluster1,dioscuri_img_0412.png,nan;nan;nan;nan;nan;nan;nan;nan;nan,nan;nan;nan
imc2023_heritage,cluster1,dioscuri_3dom_fbk_img_1520.png,nan;nan;nan;nan;nan;nan;nan;nan;nan,nan;nan;nan
pt_sacrecoeur_trevi_tajmahal,cluster1,sacre_coeur_69399539_4178098151.png,nan;nan;nan;nan;nan;nan;nan;nan;nan,nan;nan;nan
pt_sacrecoeur_trevi_tajmahal,cluster1,taj_mahal_52650931_8268706459.png,nan;nan;nan;nan;nan;nan;nan;nan;nan,nan;nan;nan
pt_sacrecoeur_trevi_tajmahal,cluster1,trevi_fountain_54470469_2296508341.png,nan;nan;nan;nan;nan;nan;nan;nan;nan,nan;nan;nan
pt_sacrecoeur_trevi_tajmahal,cluster1,sacre_coeur_34904068_5083153.png,nan;nan;nan;nan;nan;nan;nan;nan;nan,nan;nan;nan
pt_sacrecoeur_trevi_tajmahal,cluster1,taj_mahal_21749909_452666809.png,nan;nan;nan;nan;nan;nan;nan;nan;nan,nan;nan;nan
pt_sacrecoeur_trevi_tajmahal,cluster1,trevi_fountain_42098841_2972162031.png,nan;nan;nan;nan;nan;nan;nan;nan;nan,nan;nan;nan
pt_sacrecoeur_trevi_tajmahal,cluster1,trevi_fountain_78723734_3158991011.png,nan;nan;nan;nan;nan;nan;nan;nan;nan,nan;nan;nan
pt_sacrecoeur_trevi_tajmahal,cluster1,taj_mahal_33561486_8345882977.png,nan;nan;nan;nan;nan;nan;nan;nan;nan,nan;nan;nan
pt_sacrecoeur_trevi_tajmahal,cluster1,trevi_fountain_74305025_425098856.png,nan;nan;nan;nan;nan;nan;nan;nan;nan,nan;nan;nan
pt_sacrecoeur_trevi_tajmahal,cluster1,sacre_coeur_70724808_2779990339.png,nan;nan;nan;nan;nan;nan;nan;nan;nan,nan;nan;nan
pt_sacrecoeur_trevi_tajmahal,cluster1,trevi_fountain_50357199_8205859052.png,nan;nan;nan;nan;nan;nan;nan;nan;nan,nan;nan;nan
pt_sacrecoeur_trevi_tajmahal,cluster1,taj_mahal_72418664_4552163871.png,nan;nan;nan;nan;nan;nan;nan;nan;nan,nan;nan;nan
pt_sacrecoeur_trevi_tajmahal,cluster1,trevi_fountain_58732203_2711105477.png,nan;nan;nan;nan;nan;nan;nan;nan;nan,nan;nan;nan
pt_sacrecoeur_trevi_tajmahal,cluster1,sacre_coeur_35905283_32603557.png,nan;nan;nan;nan;nan;nan;nan;nan;nan,nan;nan;nan
pt_sacrecoeur_trevi_tajmahal,cluster1,trevi_fountain_19939802_5963665770.png,nan;nan;nan;nan;nan;nan;nan;nan;nan,nan;nan;nan
pt_sacrecoeur_trevi_tajmahal,cluster1,trevi_fountain_91266839_729663994.png,nan;nan;nan;nan;nan;nan;nan;nan;nan,nan;nan;nan
pt_sacrecoeur_trevi_tajmahal,cluster1,taj_mahal_16773607_5525472114.png,nan;nan;nan;nan;nan;nan;nan;nan;nan,nan;nan;nan
pt_sacrecoeur_trevi_tajmahal,cluster1,taj_mahal_78595827_6619694947.png,nan;nan;nan;nan;nan;nan;nan;nan;nan,nan;nan;nan
pt_sacrecoeur_trevi_tajmahal,cluster1,sacre_coeur_55640818_3363877988.png,nan;nan;nan;nan;nan;nan;nan;nan;nan,nan;nan;nan
pt_sacrecoeur_trevi_tajmahal,cluster1,sacre_coeur_16776129_4239663609.png,nan;nan;nan;nan;nan;nan;nan;nan;nan,nan;nan;nan
pt_sacrecoeur_trevi_tajmahal,cluster1,taj_mahal_57532696_297637106.png,nan;nan;nan;nan;nan;nan;nan;nan;nan,nan;nan;nan
pt_sacrecoeur_trevi_tajmahal,cluster1,sacre_coeur_33340964_112626481.png,nan;nan;nan;nan;nan;nan;nan;nan;nan,nan;nan;nan
pt_sacrecoeur_trevi_tajmahal,cluster1,sacre_coeur_46031506_3822251715.png,nan;nan;nan;nan;nan;nan;nan;nan;nan,nan;nan;nan
pt_sacrecoeur_trevi_tajmahal,cluster1,taj_mahal_70456501_320396748.png,nan;nan;nan;nan;nan;nan;nan;nan;nan,nan;nan;nan
pt_sacrecoeur_trevi_tajmahal,cluster1,trevi_fountain_16517106_11484965983.png,nan;nan;nan;nan;nan;nan;nan;nan;nan,nan;nan;nan
pt_sacrecoeur_trevi_tajmahal,cluster1,taj_mahal_96947007_371077369.png,nan;nan;nan;nan;nan;nan;nan;nan;nan,nan;nan;nan
pt_sacrecoeur_trevi_tajmahal,cluster1,trevi_fountain_75810419_3515709926.png,nan;nan;nan;nan;nan;nan;nan;nan;nan,nan;nan;nan
pt_sacrecoeur_trevi_tajmahal,cluster1,taj_mahal_54900410_4709458745.png,nan;nan;nan;nan;nan;nan;nan;nan;nan,nan;nan;nan
pt_sacrecoeur_trevi_tajmahal,cluster1,trevi_fountain_80167621_5886522855.png,nan;nan;nan;nan;nan;nan;nan;nan;nan,nan;nan;nan
pt_sacrecoeur_trevi_tajmahal,cluster1,taj_mahal_34892661_4479236831.png,nan;nan;nan;nan;nan;nan;nan;nan;nan,nan;nan;nan
pt_sacrecoeur_trevi_tajmahal,cluster1,sacre_coeur_88008039_6208734830.png,nan;nan;nan;nan;nan;nan;nan;nan;nan,nan;nan;nan
pt_sacrecoeur_trevi_tajmahal,cluster1,taj_mahal_86871041_2123874981.png,nan;nan;nan;nan;nan;nan;nan;nan;nan,nan;nan;nan
pt_sacrecoeur_trevi_tajmahal,cluster1,sacre_coeur_47788810_3531619701.png,nan;nan;nan;nan;nan;nan;nan;nan;nan,nan;nan;nan
pt_sacrecoeur_trevi_tajmahal,cluster1,taj_mahal_85291466_3299259390.png,nan;nan;nan;nan;nan;nan;nan;nan;nan,nan;nan;nan
pt_sacrecoeur_trevi_tajmahal,cluster1,sacre_coeur_16537684_4545274148.png,nan;nan;nan;nan;nan;nan;nan;nan;nan,nan;nan;nan
pt_sacrecoeur_trevi_tajmahal,cluster1,trevi_fountain_30002765_4759346847.png,nan;nan;nan;nan;nan;nan;nan;nan;nan,nan;nan;nan
pt_sacrecoeur_trevi_tajmahal,cluster1,taj_mahal_33243562_4772593759.png,nan;nan;nan;nan;nan;nan;nan;nan;nan,nan;nan;nan
pt_sacrecoeur_trevi_tajmahal,cluster1,trevi_fountain_40184297_2989394429.png,nan;nan;nan;nan;nan;nan;nan;nan;nan,nan;nan;nan
pt_sacrecoeur_trevi_tajmahal,cluster1,taj_mahal_99395911_415466662.png,nan;nan;nan;nan;nan;nan;nan;nan;nan,nan;nan;nan
pt_sacrecoeur_trevi_tajmahal,cluster1,sacre_coeur_66573940_9624143830.png,nan;nan;nan;nan;nan;nan;nan;nan;nan,nan;nan;nan
pt_sacrecoeur_trevi_tajmahal,cluster1,sacre_coeur_67466492_5056065534.png,nan;nan;nan;nan;nan;nan;nan;nan;nan,nan;nan;nan
pt_sacrecoeur_trevi_tajmahal,cluster1,taj_mahal_75694348_4552162843.png,nan;nan;nan;nan;nan;nan;nan;nan;nan,nan;nan;nan
pt_sacrecoeur_trevi_tajmahal,cluster1,trevi_fountain_17750259_5579050866.png,nan;nan;nan;nan;nan;nan;nan;nan;nan,nan;nan;nan
pt_sacrecoeur_trevi_tajmahal,cluster1,sacre_coeur_77299481_4479618965.png,nan;nan;nan;nan;nan;nan;nan;nan;nan,nan;nan;nan
pt_sacrecoeur_trevi_tajmahal,cluster1,trevi_fountain_16771025_6187661240.png,0.9910523673578415;0.01196314161894017;-0.13293640734209372;0.0026603003419472995;0.9940069078297393;0.10928490284046868;0.13344709796960186;-0.10866071244642761;0.9850810736249713,-1.3288462396072647;0.7487295618107689;4.607815786954425
pt_sacrecoeur_trevi_tajmahal,cluster1,trevi_fountain_95794971_4901889397.png,nan;nan;nan;nan;nan;nan;nan;nan;nan,nan;nan;nan
pt_sacrecoeur_trevi_tajmahal,cluster1,sacre_coeur_39172134_3155998144.png,nan;nan;nan;nan;nan;nan;nan;nan;nan,nan;nan;nan
pt_sacrecoeur_trevi_tajmahal,cluster1,trevi_fountain_41815199_3578791286.png,nan;nan;nan;nan;nan;nan;nan;nan;nan,nan;nan;nan
pt_sacrecoeur_trevi_tajmahal,cluster1,trevi_fountain_86451018_5200654015.png,nan;nan;nan;nan;nan;nan;nan;nan;nan,nan;nan;nan
pt_sacrecoeur_trevi_tajmahal,cluster1,trevi_fountain_22494549_5871994022.png,nan;nan;nan;nan;nan;nan;nan;nan;nan,nan;nan;nan
pt_sacrecoeur_trevi_tajmahal,cluster1,trevi_fountain_81409989_5495330211.png,nan;nan;nan;nan;nan;nan;nan;nan;nan,nan;nan;nan
pt_sacrecoeur_trevi_tajmahal,cluster1,taj_mahal_88681740_6486186923.png,nan;nan;nan;nan;nan;nan;nan;nan;nan,nan;nan;nan
pt_sacrecoeur_trevi_tajmahal,cluster1,taj_mahal_67319805_2215339300.png,nan;nan;nan;nan;nan;nan;nan;nan;nan,nan;nan;nan
pt_sacrecoeur_trevi_tajmahal,cluster1,sacre_coeur_80691366_2623658065.png,nan;nan;nan;nan;nan;nan;nan;nan;nan,nan;nan;nan
pt_sacrecoeur_trevi_tajmahal,cluster1,trevi_fountain_84357746_4061156508.png,nan;nan;nan;nan;nan;nan;nan;nan;nan,nan;nan;nan
pt_sacrecoeur_trevi_tajmahal,cluster1,sacre_coeur_70970334_5790897082.png,nan;nan;nan;nan;nan;nan;nan;nan;nan,nan;nan;nan
pt_sacrecoeur_trevi_tajmahal,cluster1,sacre_coeur_42287322_536307676.png,nan;nan;nan;nan;nan;nan;nan;nan;nan,nan;nan;nan
pt_sacrecoeur_trevi_tajmahal,cluster1,taj_mahal_75960124_233048597.png,nan;nan;nan;nan;nan;nan;nan;nan;nan,nan;nan;nan
pt_sacrecoeur_trevi_tajmahal,cluster1,sacre_coeur_47029087_8959697396.png,nan;nan;nan;nan;nan;nan;nan;nan;nan,nan;nan;nan
pt_sacrecoeur_trevi_tajmahal,cluster1,taj_mahal_35310867_4710497352.png,nan;nan;nan;nan;nan;nan;nan;nan;nan,nan;nan;nan
pt_sacrecoeur_trevi_tajmahal,cluster1,sacre_coeur_91139284_7856526282.png,nan;nan;nan;nan;nan;nan;nan;nan;nan,nan;nan;nan
pt_sacrecoeur_trevi_tajmahal,cluster1,trevi_fountain_99804374_8024711160.png,nan;nan;nan;nan;nan;nan;nan;nan;nan,nan;nan;nan
pt_sacrecoeur_trevi_tajmahal,cluster1,taj_mahal_41314954_4418442825.png,nan;nan;nan;nan;nan;nan;nan;nan;nan,nan;nan;nan
pt_sacrecoeur_trevi_tajmahal,cluster1,taj_mahal_92344991_5630498660.png,nan;nan;nan;nan;nan;nan;nan;nan;nan,nan;nan;nan
pt_sacrecoeur_trevi_tajmahal,cluster1,trevi_fountain_55838538_4636348360.png,nan;nan;nan;nan;nan;nan;nan;nan;nan,nan;nan;nan
pt_sacrecoeur_trevi_tajmahal,cluster1,sacre_coeur_38755762_4239668423.png,nan;nan;nan;nan;nan;nan;nan;nan;nan,nan;nan;nan
pt_sacrecoeur_trevi_tajmahal,cluster1,trevi_fountain_01241225_4293371290.png,nan;nan;nan;nan;nan;nan;nan;nan;nan,nan;nan;nan
pt_sacrecoeur_trevi_tajmahal,cluster1,taj_mahal_09748237_4479958542.png,nan;nan;nan;nan;nan;nan;nan;nan;nan,nan;nan;nan
pt_sacrecoeur_trevi_tajmahal,cluster1,taj_mahal_97855310_320398500.png,nan;nan;nan;nan;nan;nan;nan;nan;nan,nan;nan;nan
pt_sacrecoeur_trevi_tajmahal,cluster1,taj_mahal_07295255_5949580464.png,nan;nan;nan;nan;nan;nan;nan;nan;nan,nan;nan;nan
pt_sacrecoeur_trevi_tajmahal,cluster1,trevi_fountain_29511430_5519433926.png,nan;nan;nan;nan;nan;nan;nan;nan;nan,nan;nan;nan
pt_sacrecoeur_trevi_tajmahal,cluster1,sacre_coeur_28088482_1061487806.png,nan;nan;nan;nan;nan;nan;nan;nan;nan,nan;nan;nan
pt_sacrecoeur_trevi_tajmahal,cluster1,taj_mahal_99106990_5972735988.png,nan;nan;nan;nan;nan;nan;nan;nan;nan,nan;nan;nan
pt_sacrecoeur_trevi_tajmahal,cluster1,sacre_coeur_98546957_2200688611.png,nan;nan;nan;nan;nan;nan;nan;nan;nan,nan;nan;nan
pt_sacrecoeur_trevi_tajmahal,cluster1,taj_mahal_51297211_3293524007.png,nan;nan;nan;nan;nan;nan;nan;nan;nan,nan;nan;nan
pt_sacrecoeur_trevi_tajmahal,cluster1,taj_mahal_46483850_3092227510.png,nan;nan;nan;nan;nan;nan;nan;nan;nan,nan;nan;nan
pt_sacrecoeur_trevi_tajmahal,cluster1,sacre_coeur_30642459_5864476232.png,nan;nan;nan;nan;nan;nan;nan;nan;nan,nan;nan;nan
pt_sacrecoeur_trevi_tajmahal,cluster1,sacre_coeur_11626754_2718827730.png,nan;nan;nan;nan;nan;nan;nan;nan;nan,nan;nan;nan
pt_sacrecoeur_trevi_tajmahal,cluster1,sacre_coeur_32188921_4453876221.png,nan;nan;nan;nan;nan;nan;nan;nan;nan,nan;nan;nan
pt_sacrecoeur_trevi_tajmahal,cluster1,taj_mahal_48590156_9372591744.png,nan;nan;nan;nan;nan;nan;nan;nan;nan,nan;nan;nan
pt_sacrecoeur_trevi_tajmahal,cluster1,sacre_coeur_71955478_140210696.png,nan;nan;nan;nan;nan;nan;nan;nan;nan,nan;nan;nan
pt_sacrecoeur_trevi_tajmahal,cluster1,taj_mahal_89175833_3348677963.png,nan;nan;nan;nan;nan;nan;nan;nan;nan,nan;nan;nan
pt_sacrecoeur_trevi_tajmahal,cluster1,taj_mahal_53757432_11494604856.png,nan;nan;nan;nan;nan;nan;nan;nan;nan,nan;nan;nan
pt_sacrecoeur_trevi_tajmahal,cluster1,taj_mahal_46195638_3569985892.png,nan;nan;nan;nan;nan;nan;nan;nan;nan,nan;nan;nan
pt_sacrecoeur_trevi_tajmahal,cluster1,trevi_fountain_93831605_13948911711.png,nan;nan;nan;nan;nan;nan;nan;nan;nan,nan;nan;nan
pt_sacrecoeur_trevi_tajmahal,cluster1,sacre_coeur_81935357_9658163122.png,nan;nan;nan;nan;nan;nan;nan;nan;nan,nan;nan;nan
pt_sacrecoeur_trevi_tajmahal,cluster1,sacre_coeur_55695069_9640098822.png,nan;nan;nan;nan;nan;nan;nan;nan;nan,nan;nan;nan
pt_sacrecoeur_trevi_tajmahal,cluster1,sacre_coeur_93423882_13476569344.png,nan;nan;nan;nan;nan;nan;nan;nan;nan,nan;nan;nan
pt_sacrecoeur_trevi_tajmahal,cluster1,sacre_coeur_52914810_3288295639.png,nan;nan;nan;nan;nan;nan;nan;nan;nan,nan;nan;nan
pt_sacrecoeur_trevi_tajmahal,cluster1,trevi_fountain_58525833_5956866479.png,nan;nan;nan;nan;nan;nan;nan;nan;nan,nan;nan;nan
pt_sacrecoeur_trevi_tajmahal,cluster1,sacre_coeur_02928139_3448003521.png,nan;nan;nan;nan;nan;nan;nan;nan;nan,nan;nan;nan
pt_sacrecoeur_trevi_tajmahal,cluster1,trevi_fountain_52144216_2711106071.png,nan;nan;nan;nan;nan;nan;nan;nan;nan,nan;nan;nan
pt_sacrecoeur_trevi_tajmahal,cluster1,sacre_coeur_70116109_2697195876.png,nan;nan;nan;nan;nan;nan;nan;nan;nan,nan;nan;nan
pt_sacrecoeur_trevi_tajmahal,cluster1,trevi_fountain_30069642_3966141600.png,nan;nan;nan;nan;nan;nan;nan;nan;nan,nan;nan;nan
pt_sacrecoeur_trevi_tajmahal,cluster1,sacre_coeur_24292909_11972893303.png,nan;nan;nan;nan;nan;nan;nan;nan;nan,nan;nan;nan
pt_sacrecoeur_trevi_tajmahal,cluster1,taj_mahal_80696644_2234023339.png,nan;nan;nan;nan;nan;nan;nan;nan;nan,nan;nan;nan
pt_sacrecoeur_trevi_tajmahal,cluster1,sacre_coeur_93638576_44195081.png,nan;nan;nan;nan;nan;nan;nan;nan;nan,nan;nan;nan
pt_sacrecoeur_trevi_tajmahal,cluster1,sacre_coeur_90517919_4394638107.png,nan;nan;nan;nan;nan;nan;nan;nan;nan,nan;nan;nan
pt_sacrecoeur_trevi_tajmahal,cluster1,taj_mahal_33878661_5337234382.png,nan;nan;nan;nan;nan;nan;nan;nan;nan,nan;nan;nan
pt_sacrecoeur_trevi_tajmahal,cluster1,taj_mahal_95761991_3716491774.png,nan;nan;nan;nan;nan;nan;nan;nan;nan,nan;nan;nan
pt_sacrecoeur_trevi_tajmahal,cluster1,trevi_fountain_91729188_430652744.png,nan;nan;nan;nan;nan;nan;nan;nan;nan,nan;nan;nan
pt_sacrecoeur_trevi_tajmahal,cluster1,trevi_fountain_56493755_3454995877.png,nan;nan;nan;nan;nan;nan;nan;nan;nan,nan;nan;nan
pt_sacrecoeur_trevi_tajmahal,cluster1,taj_mahal_05644193_4809375226.png,nan;nan;nan;nan;nan;nan;nan;nan;nan,nan;nan;nan
pt_sacrecoeur_trevi_tajmahal,cluster1,trevi_fountain_29250228_5522743340.png,nan;nan;nan;nan;nan;nan;nan;nan;nan,nan;nan;nan
pt_sacrecoeur_trevi_tajmahal,cluster1,trevi_fountain_78010545_349314185.png,nan;nan;nan;nan;nan;nan;nan;nan;nan,nan;nan;nan
pt_sacrecoeur_trevi_tajmahal,cluster1,trevi_fountain_21017479_3693575843.png,nan;nan;nan;nan;nan;nan;nan;nan;nan,nan;nan;nan
pt_sacrecoeur_trevi_tajmahal,cluster1,taj_mahal_79695821_354966524.png,nan;nan;nan;nan;nan;nan;nan;nan;nan,nan;nan;nan
pt_sacrecoeur_trevi_tajmahal,cluster1,trevi_fountain_17973182_5956257468.png,nan;nan;nan;nan;nan;nan;nan;nan;nan,nan;nan;nan
pt_sacrecoeur_trevi_tajmahal,cluster1,trevi_fountain_64273020_5411668132.png,nan;nan;nan;nan;nan;nan;nan;nan;nan,nan;nan;nan
pt_sacrecoeur_trevi_tajmahal,cluster1,trevi_fountain_92808638_88785341.png,nan;nan;nan;nan;nan;nan;nan;nan;nan,nan;nan;nan
pt_sacrecoeur_trevi_tajmahal,cluster1,taj_mahal_84623051_5972175223.png,nan;nan;nan;nan;nan;nan;nan;nan;nan,nan;nan;nan
pt_sacrecoeur_trevi_tajmahal,cluster1,sacre_coeur_61531052_7402696624.png,nan;nan;nan;nan;nan;nan;nan;nan;nan,nan;nan;nan
pt_sacrecoeur_trevi_tajmahal,cluster1,trevi_fountain_66677085_4725569846.png,nan;nan;nan;nan;nan;nan;nan;nan;nan,nan;nan;nan
pt_sacrecoeur_trevi_tajmahal,cluster1,trevi_fountain_56026722_4376692497.png,nan;nan;nan;nan;nan;nan;nan;nan;nan,nan;nan;nan
pt_sacrecoeur_trevi_tajmahal,cluster1,taj_mahal_45203396_7995388605.png,nan;nan;nan;nan;nan;nan;nan;nan;nan,nan;nan;nan
pt_sacrecoeur_trevi_tajmahal,cluster1,sacre_coeur_79500596_4830716729.png,nan;nan;nan;nan;nan;nan;nan;nan;nan,nan;nan;nan
pt_sacrecoeur_trevi_tajmahal,cluster1,taj_mahal_87115605_383650319.png,nan;nan;nan;nan;nan;nan;nan;nan;nan,nan;nan;nan
pt_sacrecoeur_trevi_tajmahal,cluster1,trevi_fountain_27009206_5185352408.png,nan;nan;nan;nan;nan;nan;nan;nan;nan,nan;nan;nan
pt_sacrecoeur_trevi_tajmahal,cluster1,taj_mahal_17911381_11822031993.png,nan;nan;nan;nan;nan;nan;nan;nan;nan,nan;nan;nan
pt_sacrecoeur_trevi_tajmahal,cluster1,taj_mahal_47981545_2123782613.png,nan;nan;nan;nan;nan;nan;nan;nan;nan,nan;nan;nan
pt_sacrecoeur_trevi_tajmahal,cluster1,trevi_fountain_21324671_251787492.png,0.963091853767355;0.22529176552915256;-0.1473013971139348;-0.22672293500042381;0.9739325122829098;0.00722303697162603;0.14508891050577705;0.026440157016500758;0.9890652790110416,4.33109257757019;-3.7806601143905767;-9.34593254104297
pt_sacrecoeur_trevi_tajmahal,cluster1,sacre_coeur_39702035_1808089104.png,nan;nan;nan;nan;nan;nan;nan;nan;nan,nan;nan;nan
pt_sacrecoeur_trevi_tajmahal,cluster1,taj_mahal_72721370_6780643247.png,nan;nan;nan;nan;nan;nan;nan;nan;nan,nan;nan;nan
pt_sacrecoeur_trevi_tajmahal,cluster1,sacre_coeur_76611857_9600863579.png,nan;nan;nan;nan;nan;nan;nan;nan;nan,nan;nan;nan
pt_sacrecoeur_trevi_tajmahal,cluster1,sacre_coeur_04739785_8198592553.png,nan;nan;nan;nan;nan;nan;nan;nan;nan,nan;nan;nan
pt_sacrecoeur_trevi_tajmahal,cluster1,trevi_fountain_70315674_7178465185.png,nan;nan;nan;nan;nan;nan;nan;nan;nan,nan;nan;nan
pt_sacrecoeur_trevi_tajmahal,cluster1,taj_mahal_82182023_330370375.png,nan;nan;nan;nan;nan;nan;nan;nan;nan,nan;nan;nan
pt_sacrecoeur_trevi_tajmahal,cluster1,sacre_coeur_47042061_9637017399.png,nan;nan;nan;nan;nan;nan;nan;nan;nan,nan;nan;nan
pt_sacrecoeur_trevi_tajmahal,cluster1,trevi_fountain_30910735_201249046.png,nan;nan;nan;nan;nan;nan;nan;nan;nan,nan;nan;nan
pt_sacrecoeur_trevi_tajmahal,cluster1,sacre_coeur_75716321_3698743515.png,nan;nan;nan;nan;nan;nan;nan;nan;nan,nan;nan;nan
pt_sacrecoeur_trevi_tajmahal,cluster1,taj_mahal_88652653_6486332399.png,nan;nan;nan;nan;nan;nan;nan;nan;nan,nan;nan;nan
pt_sacrecoeur_trevi_tajmahal,cluster1,taj_mahal_23360557_2453971988.png,nan;nan;nan;nan;nan;nan;nan;nan;nan,nan;nan;nan
pt_sacrecoeur_trevi_tajmahal,cluster1,trevi_fountain_98446525_8467892061.png,nan;nan;nan;nan;nan;nan;nan;nan;nan,nan;nan;nan
pt_sacrecoeur_trevi_tajmahal,cluster1,taj_mahal_28658320_3250275528.png,nan;nan;nan;nan;nan;nan;nan;nan;nan,nan;nan;nan
pt_sacrecoeur_trevi_tajmahal,cluster1,sacre_coeur_16385535_4660789205.png,nan;nan;nan;nan;nan;nan;nan;nan;nan,nan;nan;nan
pt_sacrecoeur_trevi_tajmahal,cluster1,taj_mahal_02760416_4808737899.png,nan;nan;nan;nan;nan;nan;nan;nan;nan,nan;nan;nan
pt_sacrecoeur_trevi_tajmahal,cluster1,taj_mahal_40301482_6349100470.png,nan;nan;nan;nan;nan;nan;nan;nan;nan,nan;nan;nan
pt_sacrecoeur_trevi_tajmahal,cluster1,sacre_coeur_91671915_1791174514.png,nan;nan;nan;nan;nan;nan;nan;nan;nan,nan;nan;nan
pt_sacrecoeur_trevi_tajmahal,cluster1,trevi_fountain_33816922_8591444000.png,0.9818775589822103;0.12362560902506434;-0.14364250053629007;-0.11446217976962006;0.9909281059956395;0.07042654435851428;0.1510459154347556;-0.05270860974334775;0.9871205265262192,-0.27932941345350604;-1.5377912233840896;-0.22257358857346277
pt_sacrecoeur_trevi_tajmahal,cluster1,trevi_fountain_22555231_8007352373.png,nan;nan;nan;nan;nan;nan;nan;nan;nan,nan;nan;nan
pt_sacrecoeur_trevi_tajmahal,cluster1,taj_mahal_40357326_9141483717.png,nan;nan;nan;nan;nan;nan;nan;nan;nan,nan;nan;nan
pt_sacrecoeur_trevi_tajmahal,cluster1,sacre_coeur_34264811_99184810.png,nan;nan;nan;nan;nan;nan;nan;nan;nan,nan;nan;nan
pt_sacrecoeur_trevi_tajmahal,cluster1,taj_mahal_40461214_8192836476.png,nan;nan;nan;nan;nan;nan;nan;nan;nan,nan;nan;nan
pt_sacrecoeur_trevi_tajmahal,cluster1,sacre_coeur_48325951_2932818065.png,nan;nan;nan;nan;nan;nan;nan;nan;nan,nan;nan;nan
pt_sacrecoeur_trevi_tajmahal,cluster1,taj_mahal_05099279_2123782505.png,nan;nan;nan;nan;nan;nan;nan;nan;nan,nan;nan;nan
pt_sacrecoeur_trevi_tajmahal,cluster1,taj_mahal_84741117_2234024581.png,nan;nan;nan;nan;nan;nan;nan;nan;nan,nan;nan;nan
pt_sacrecoeur_trevi_tajmahal,cluster1,sacre_coeur_49896012_2400282601.png,nan;nan;nan;nan;nan;nan;nan;nan;nan,nan;nan;nan
pt_sacrecoeur_trevi_tajmahal,cluster1,sacre_coeur_87446292_3971192822.png,nan;nan;nan;nan;nan;nan;nan;nan;nan,nan;nan;nan
pt_sacrecoeur_trevi_tajmahal,cluster1,sacre_coeur_75030977_10341125684.png,nan;nan;nan;nan;nan;nan;nan;nan;nan,nan;nan;nan
pt_sacrecoeur_trevi_tajmahal,cluster1,sacre_coeur_70118605_5991576631.png,nan;nan;nan;nan;nan;nan;nan;nan;nan,nan;nan;nan
pt_sacrecoeur_trevi_tajmahal,cluster1,taj_mahal_73045053_2123874963.png,nan;nan;nan;nan;nan;nan;nan;nan;nan,nan;nan;nan
pt_sacrecoeur_trevi_tajmahal,cluster1,trevi_fountain_89086898_3494993799.png,nan;nan;nan;nan;nan;nan;nan;nan;nan,nan;nan;nan
pt_sacrecoeur_trevi_tajmahal,cluster1,trevi_fountain_14195208_276265172.png,nan;nan;nan;nan;nan;nan;nan;nan;nan,nan;nan;nan
pt_sacrecoeur_trevi_tajmahal,cluster1,sacre_coeur_86731151_442052253.png,nan;nan;nan;nan;nan;nan;nan;nan;nan,nan;nan;nan
pt_sacrecoeur_trevi_tajmahal,cluster1,sacre_coeur_39852107_3868092306.png,nan;nan;nan;nan;nan;nan;nan;nan;nan,nan;nan;nan
pt_sacrecoeur_trevi_tajmahal,cluster1,taj_mahal_87027560_6486839789.png,nan;nan;nan;nan;nan;nan;nan;nan;nan,nan;nan;nan
pt_sacrecoeur_trevi_tajmahal,cluster1,trevi_fountain_78842056_325218062.png,0.9939245336635125;-0.0032847910523140207;-0.1100146877899118;0.000602127712348099;0.9997018760267062;-0.024408943256564487;0.11006206805247279;0.024194404651216368;0.9936301987961045,2.744479677108429;0.9888868382389413;-6.64982980058881
pt_sacrecoeur_trevi_tajmahal,cluster1,trevi_fountain_00358444_4165248133.png,nan;nan;nan;nan;nan;nan;nan;nan;nan,nan;nan;nan
pt_sacrecoeur_trevi_tajmahal,cluster1,taj_mahal_35871047_6486466789.png,nan;nan;nan;nan;nan;nan;nan;nan;nan,nan;nan;nan
pt_sacrecoeur_trevi_tajmahal,cluster1,sacre_coeur_85164542_170630708.png,nan;nan;nan;nan;nan;nan;nan;nan;nan,nan;nan;nan
pt_sacrecoeur_trevi_tajmahal,cluster1,trevi_fountain_73284018_2156414038.png,-0.5001051911933247;0.8416838283513619;0.20362497595649492;0.8456129520073037;0.525338070042168;-0.09465013239221344;-0.18663743766720936;0.12485289446450652;-0.9744630427085746,-18.981923185386982;13.162235914563096;61.38659441824945
pt_sacrecoeur_trevi_tajmahal,cluster1,trevi_fountain_34630714_3685665828.png,nan;nan;nan;nan;nan;nan;nan;nan;nan,nan;nan;nan
pt_sacrecoeur_trevi_tajmahal,cluster1,sacre_coeur_41224690_4580747259.png,nan;nan;nan;nan;nan;nan;nan;nan;nan,nan;nan;nan
pt_sacrecoeur_trevi_tajmahal,cluster1,taj_mahal_96431892_320398075.png,nan;nan;nan;nan;nan;nan;nan;nan;nan,nan;nan;nan
pt_sacrecoeur_trevi_tajmahal,cluster1,taj_mahal_07292828_6865863886.png,nan;nan;nan;nan;nan;nan;nan;nan;nan,nan;nan;nan
pt_sacrecoeur_trevi_tajmahal,cluster1,trevi_fountain_90669518_8321386929.png,nan;nan;nan;nan;nan;nan;nan;nan;nan,nan;nan;nan
pt_sacrecoeur_trevi_tajmahal,cluster1,trevi_fountain_26921609_5411058517.png,nan;nan;nan;nan;nan;nan;nan;nan;nan,nan;nan;nan
pt_sacrecoeur_trevi_tajmahal,cluster1,sacre_coeur_68663909_1356782012.png,nan;nan;nan;nan;nan;nan;nan;nan;nan,nan;nan;nan
pt_sacrecoeur_trevi_tajmahal,cluster1,taj_mahal_82967489_11494979004.png,nan;nan;nan;nan;nan;nan;nan;nan;nan,nan;nan;nan
pt_sacrecoeur_trevi_tajmahal,cluster1,trevi_fountain_72669213_5987184866.png,nan;nan;nan;nan;nan;nan;nan;nan;nan,nan;nan;nan
pt_sacrecoeur_trevi_tajmahal,cluster1,taj_mahal_68284397_7307804012.png,nan;nan;nan;nan;nan;nan;nan;nan;nan,nan;nan;nan
pt_sacrecoeur_trevi_tajmahal,cluster1,sacre_coeur_23327088_8208333914.png,nan;nan;nan;nan;nan;nan;nan;nan;nan,nan;nan;nan
pt_sacrecoeur_trevi_tajmahal,cluster1,sacre_coeur_73084286_312927075.png,nan;nan;nan;nan;nan;nan;nan;nan;nan,nan;nan;nan
pt_sacrecoeur_trevi_tajmahal,cluster1,taj_mahal_03779515_11822031593.png,nan;nan;nan;nan;nan;nan;nan;nan;nan,nan;nan;nan
pt_sacrecoeur_trevi_tajmahal,cluster1,trevi_fountain_79598868_8555774052.png,nan;nan;nan;nan;nan;nan;nan;nan;nan,nan;nan;nan
pt_sacrecoeur_trevi_tajmahal,cluster1,taj_mahal_15626988_320395276.png,nan;nan;nan;nan;nan;nan;nan;nan;nan,nan;nan;nan
pt_sacrecoeur_trevi_tajmahal,cluster1,sacre_coeur_10474405_6093717701.png,nan;nan;nan;nan;nan;nan;nan;nan;nan,nan;nan;nan
pt_sacrecoeur_trevi_tajmahal,cluster1,sacre_coeur_46459330_5716002401.png,nan;nan;nan;nan;nan;nan;nan;nan;nan,nan;nan;nan
pt_sacrecoeur_trevi_tajmahal,cluster1,trevi_fountain_18865921_5109712344.png,nan;nan;nan;nan;nan;nan;nan;nan;nan,nan;nan;nan
pt_sacrecoeur_trevi_tajmahal,cluster1,trevi_fountain_15038544_3727504813.png,nan;nan;nan;nan;nan;nan;nan;nan;nan,nan;nan;nan
pt_sacrecoeur_trevi_tajmahal,cluster1,sacre_coeur_45927449_5904684394.png,nan;nan;nan;nan;nan;nan;nan;nan;nan,nan;nan;nan
pt_sacrecoeur_trevi_tajmahal,cluster1,trevi_fountain_17378230_8657377873.png,nan;nan;nan;nan;nan;nan;nan;nan;nan,nan;nan;nan
pt_sacrecoeur_trevi_tajmahal,cluster1,trevi_fountain_38993702_4733402071.png,0.9913800327621827;0.0001468156353290639;-0.1310175907488107;0.001197672581141914;0.9999474343163881;0.010183034148090324;0.13101219874821585;-0.010252172903439332;0.9913277443559804,2.9621409495081568;0.10065166325827828;-7.012896668968745
pt_sacrecoeur_trevi_tajmahal,cluster1,trevi_fountain_90077341_5746101059.png,1.0;0.0;0.0;0.0;1.0;0.0;0.0;0.0;1.0,0.0;0.0;0.0
pt_sacrecoeur_trevi_tajmahal,cluster1,taj_mahal_80209116_3299258442.png,nan;nan;nan;nan;nan;nan;nan;nan;nan,nan;nan;nan
pt_sacrecoeur_trevi_tajmahal,cluster1,trevi_fountain_85397053_1435622623.png,nan;nan;nan;nan;nan;nan;nan;nan;nan,nan;nan;nan
pt_sacrecoeur_trevi_tajmahal,cluster1,trevi_fountain_71421235_8100441323.png,nan;nan;nan;nan;nan;nan;nan;nan;nan,nan;nan;nan
pt_sacrecoeur_trevi_tajmahal,cluster1,sacre_coeur_55167859_91653543.png,nan;nan;nan;nan;nan;nan;nan;nan;nan,nan;nan;nan
pt_sacrecoeur_trevi_tajmahal,cluster1,sacre_coeur_55297752_267282770.png,nan;nan;nan;nan;nan;nan;nan;nan;nan,nan;nan;nan
pt_sacrecoeur_trevi_tajmahal,cluster1,taj_mahal_99238567_2155545598.png,nan;nan;nan;nan;nan;nan;nan;nan;nan,nan;nan;nan
pt_sacrecoeur_trevi_tajmahal,cluster1,sacre_coeur_16971221_7856309770.png,nan;nan;nan;nan;nan;nan;nan;nan;nan,nan;nan;nan
pt_sacrecoeur_trevi_tajmahal,cluster1,sacre_coeur_18725380_2402129328.png,nan;nan;nan;nan;nan;nan;nan;nan;nan,nan;nan;nan
pt_sacrecoeur_trevi_tajmahal,cluster1,taj_mahal_70518655_6429111743.png,nan;nan;nan;nan;nan;nan;nan;nan;nan,nan;nan;nan
pt_sacrecoeur_trevi_tajmahal,cluster1,sacre_coeur_95021816_8071366303.png,nan;nan;nan;nan;nan;nan;nan;nan;nan,nan;nan;nan
pt_sacrecoeur_trevi_tajmahal,cluster1,trevi_fountain_48230932_8038671426.png,nan;nan;nan;nan;nan;nan;nan;nan;nan,nan;nan;nan
pt_sacrecoeur_trevi_tajmahal,cluster1,trevi_fountain_69481877_5327669439.png,nan;nan;nan;nan;nan;nan;nan;nan;nan,nan;nan;nan
pt_sacrecoeur_trevi_tajmahal,cluster1,taj_mahal_86821641_6619697153.png,nan;nan;nan;nan;nan;nan;nan;nan;nan,nan;nan;nan
pt_sacrecoeur_trevi_tajmahal,cluster1,sacre_coeur_95734826_713795234.png,nan;nan;nan;nan;nan;nan;nan;nan;nan,nan;nan;nan
pt_sacrecoeur_trevi_tajmahal,cluster1,taj_mahal_97524709_11495119913.png,nan;nan;nan;nan;nan;nan;nan;nan;nan,nan;nan;nan
pt_sacrecoeur_trevi_tajmahal,cluster1,trevi_fountain_66347814_2029982255.png,0.9982665223793832;0.04864000771744905;-0.03313759112879169;-0.04902728004013409;0.9987371317329993;-0.010975769203476845;0.03256188121774826;0.012581388913320253;0.9993905305457788,1.9728916242492653;-1.135473314351257;-7.758152562563921
pt_sacrecoeur_trevi_tajmahal,cluster1,trevi_fountain_96647518_7739315718.png,nan;nan;nan;nan;nan;nan;nan;nan;nan,nan;nan;nan
pt_sacrecoeur_trevi_tajmahal,cluster1,trevi_fountain_43321508_5715952972.png,nan;nan;nan;nan;nan;nan;nan;nan;nan,nan;nan;nan
pt_sacrecoeur_trevi_tajmahal,cluster1,sacre_coeur_32069695_13023252634.png,nan;nan;nan;nan;nan;nan;nan;nan;nan,nan;nan;nan
pt_sacrecoeur_trevi_tajmahal,cluster1,trevi_fountain_75017867_5746101695.png,0.9970733586986261;-0.021170711123644513;-0.07346099893113472;0.023276884466292537;0.9993387241593521;0.02793386913947193;0.07282104107319425;-0.029562059909239637;0.9969068063720593,0.02568116447742819;0.01908600102316282;-0.9994879700906995
pt_sacrecoeur_trevi_tajmahal,cluster1,trevi_fountain_98071474_3495805188.png,nan;nan;nan;nan;nan;nan;nan;nan;nan,nan;nan;nan
pt_sacrecoeur_trevi_tajmahal,cluster1,taj_mahal_35012799_233724898.png,nan;nan;nan;nan;nan;nan;nan;nan;nan,nan;nan;nan
pt_sacrecoeur_trevi_tajmahal,cluster1,taj_mahal_81509461_2124556500.png,nan;nan;nan;nan;nan;nan;nan;nan;nan,nan;nan;nan
pt_sacrecoeur_trevi_tajmahal,cluster1,taj_mahal_25038173_427948647.png,nan;nan;nan;nan;nan;nan;nan;nan;nan,nan;nan;nan
pt_sacrecoeur_trevi_tajmahal,cluster1,sacre_coeur_68688218_4738908453.png,nan;nan;nan;nan;nan;nan;nan;nan;nan,nan;nan;nan
pt_sacrecoeur_trevi_tajmahal,cluster1,taj_mahal_40047213_6060347747.png,nan;nan;nan;nan;nan;nan;nan;nan;nan,nan;nan;nan
pt_sacrecoeur_trevi_tajmahal,cluster1,taj_mahal_73346411_11842150495.png,nan;nan;nan;nan;nan;nan;nan;nan;nan,nan;nan;nan
pt_sacrecoeur_trevi_tajmahal,cluster1,sacre_coeur_81282261_3885204620.png,nan;nan;nan;nan;nan;nan;nan;nan;nan,nan;nan;nan
pt_sacrecoeur_trevi_tajmahal,cluster1,trevi_fountain_09071644_2938441433.png,nan;nan;nan;nan;nan;nan;nan;nan;nan,nan;nan;nan
pt_sacrecoeur_trevi_tajmahal,cluster1,trevi_fountain_94682384_4342842330.png,nan;nan;nan;nan;nan;nan;nan;nan;nan,nan;nan;nan
pt_sacrecoeur_trevi_tajmahal,cluster1,sacre_coeur_82410562_10997050704.png,nan;nan;nan;nan;nan;nan;nan;nan;nan,nan;nan;nan
pt_sacrecoeur_trevi_tajmahal,cluster1,sacre_coeur_37175111_6635304477.png,nan;nan;nan;nan;nan;nan;nan;nan;nan,nan;nan;nan
pt_sacrecoeur_trevi_tajmahal,cluster1,sacre_coeur_90467261_5816977333.png,nan;nan;nan;nan;nan;nan;nan;nan;nan,nan;nan;nan
pt_sacrecoeur_trevi_tajmahal,cluster1,taj_mahal_66281696_4846036976.png,nan;nan;nan;nan;nan;nan;nan;nan;nan,nan;nan;nan
pt_sacrecoeur_trevi_tajmahal,cluster1,trevi_fountain_17804574_3525103748.png,nan;nan;nan;nan;nan;nan;nan;nan;nan,nan;nan;nan
pt_sacrecoeur_trevi_tajmahal,cluster1,trevi_fountain_59883665_3581996971.png,nan;nan;nan;nan;nan;nan;nan;nan;nan,nan;nan;nan
pt_sacrecoeur_trevi_tajmahal,cluster1,sacre_coeur_04822190_12621366523.png,nan;nan;nan;nan;nan;nan;nan;nan;nan,nan;nan;nan
pt_sacrecoeur_trevi_tajmahal,cluster1,trevi_fountain_01404558_5160423697.png,nan;nan;nan;nan;nan;nan;nan;nan;nan,nan;nan;nan
pt_sacrecoeur_trevi_tajmahal,cluster1,taj_mahal_68263048_3884219324.png,nan;nan;nan;nan;nan;nan;nan;nan;nan,nan;nan;nan
pt_sacrecoeur_trevi_tajmahal,cluster1,taj_mahal_36670333_3773568633.png,nan;nan;nan;nan;nan;nan;nan;nan;nan,nan;nan;nan
pt_sacrecoeur_trevi_tajmahal,cluster1,sacre_coeur_32086795_402359870.png,nan;nan;nan;nan;nan;nan;nan;nan;nan,nan;nan;nan
